380.0 , 198.0 , 33.7342567444 , 1 , 1291201993.07
382.0 , 198.0 , 39.0512466431 , 1 , 1291201993.29
372.0 , 204.0 , 44.1814422607 , 1 , 1291201993.5
376.0 , 212.0 , 47.7598152161 , 1 , 1291201993.71
374.0 , 208.0 , 48.0936584473 , 1 , 1291201993.93
374.0 , 206.0 , 46.1735839844 , 1 , 1291201994.14
378.0 , 200.0 , 36.2353401184 , 1 , 1291201994.35
378.0 , 194.0 , 34.481880188 , 1 , 1291201994.57
378.0 , 188.0 , 28.6006984711 , 1 , 1291201994.78
380.0 , 198.0 , 38.0131568909 , 1 , 1291201994.99
376.0 , 200.0 , 40.8044128418 , 1 , 1291201995.21
376.0 , 198.0 , 35.0142822266 , 1 , 1291201995.42
380.0 , 198.0 , 34.0 , 1 , 1291201995.63
380.0 , 202.0 , 43.4165878296 , 1 , 1291201995.85
372.0 , 202.0 , 42.0475921631 , 1 , 1291201996.06
312.0 , 218.0 , 56.0357017517 , 2 , 1291201996.29
372.0 , 206.0 , 45.7930107117 , 1 , 1291201996.5
380.0 , 204.0 , 39.2173423767 , 1 , 1291201996.94
378.0 , 202.0 , 44.294467926 , 1 , 1291201997.15
372.0 , 204.0 , 43.4626274109 , 1 , 1291201997.37
380.0 , 198.0 , 33.6005935669 , 1 , 1291201997.58
376.0 , 206.0 , 42.5440940857 , 1 , 1291201997.8
374.0 , 206.0 , 42.7200202942 , 1 , 1291201998.01
380.0 , 196.0 , 36.1247825623 , 1 , 1291201998.23
376.0 , 210.0 , 46.1735839844 , 1 , 1291201998.44
372.0 , 204.0 , 43.93176651 , 1 , 1291201998.65
350.0 , 352.0 , 107.703292847 , 4 , 1291201998.89
384.0 , 192.0 , 32.5576400757 , 1 , 1291201999.1
378.0 , 202.0 , 44.294467926 , 1 , 1291201999.32
374.0 , 206.0 , 43.4626274109 , 1 , 1291201999.53
372.0 , 206.0 , 45.1774291992 , 1 , 1291201999.74
382.0 , 192.0 , 27.6586341858 , 1 , 1291201999.96
372.0 , 206.0 , 45.2216758728 , 1 , 1291202000.17
364.0 , 220.0 , 61.0327796936 , 1 , 1291202000.59
380.0 , 204.0 , 44.6878051758 , 1 , 1291202000.81
376.0 , 202.0 , 38.9486846924 , 1 , 1291202001.02
378.0 , 204.0 , 45.9673805237 , 1 , 1291202001.23
386.0 , 190.0 , 30.0166625977 , 1 , 1291202001.45
378.0 , 198.0 , 38.2753181458 , 1 , 1291202001.66
380.0 , 196.0 , 36.2215423584 , 1 , 1291202001.88
374.0 , 206.0 , 46.5295600891 , 1 , 1291202002.09
376.0 , 204.0 , 40.8044128418 , 1 , 1291202002.31
376.0 , 210.0 , 46.3249397278 , 1 , 1291202002.73
374.0 , 200.0 , 40.5215988159 , 1 , 1291202002.94
376.0 , 210.0 , 45.8911743164 , 1 , 1291202003.16
380.0 , 202.0 , 37.3363075256 , 1 , 1291202003.37
380.0 , 200.0 , 35.5105628967 , 1 , 1291202003.58
378.0 , 200.0 , 42.6380119324 , 1 , 1291202003.8
376.0 , 208.0 , 44.5533370972 , 1 , 1291202004.01
390.0 , 190.0 , 28.2311878204 , 1 , 1291202004.22
382.0 , 194.0 , 29.1204395294 , 1 , 1291202004.44
378.0 , 198.0 , 38.6005172729 , 1 , 1291202004.65
372.0 , 206.0 , 45.1774291992 , 1 , 1291202004.86
384.0 , 194.0 , 34.6554450989 , 1 , 1291202005.08
378.0 , 202.0 , 38.2883796692 , 1 , 1291202005.29
378.0 , 200.0 , 36.2215423584 , 1 , 1291202005.51
380.0 , 204.0 , 44.8218688965 , 1 , 1291202005.72
378.0 , 202.0 , 44.5533370972 , 1 , 1291202005.93
376.0 , 200.0 , 40.7921562195 , 1 , 1291202006.15
372.0 , 212.0 , 49.0407981873 , 1 , 1291202006.36
340.0 , 152.0 , 197.820632935 , 11 , 1291202006.71
382.0 , 190.0 , 30.0665931702 , 1 , 1291202006.92
374.0 , 194.0 , 31.0483493805 , 1 , 1291202007.13
376.0 , 204.0 , 40.8166618347 , 1 , 1291202007.35
376.0 , 200.0 , 37.0135116577 , 1 , 1291202007.56
378.0 , 200.0 , 36.2215423584 , 1 , 1291202007.77
384.0 , 196.0 , 35.7770881653 , 1 , 1291202007.98
388.0 , 186.0 , 26.0768089294 , 1 , 1291202008.19
372.0 , 206.0 , 46.6476135254 , 1 , 1291202008.4
372.0 , 210.0 , 47.7074432373 , 1 , 1291202008.62
372.0 , 208.0 , 46.8614997864 , 1 , 1291202008.83
380.0 , 196.0 , 31.8276615143 , 1 , 1291202009.04
380.0 , 202.0 , 37.215587616 , 1 , 1291202009.45
376.0 , 204.0 , 40.8044128418 , 1 , 1291202009.67
372.0 , 210.0 , 46.8721656799 , 1 , 1291202009.88
376.0 , 204.0 , 40.718547821 , 1 , 1291202010.1
378.0 , 200.0 , 42.7200202942 , 1 , 1291202010.31
376.0 , 206.0 , 42.5440940857 , 1 , 1291202010.52
372.0 , 208.0 , 46.1410865784 , 1 , 1291202010.73
374.0 , 202.0 , 42.5440940857 , 1 , 1291202010.95
382.0 , 196.0 , 37.0135116577 , 1 , 1291202011.16
378.0 , 204.0 , 46.0434570312 , 1 , 1291202011.37
372.0 , 212.0 , 50.2095603943 , 1 , 1291202011.58
376.0 , 202.0 , 42.6380119324 , 1 , 1291202011.79
370.0 , 182.0 , 21.8403301239 , 1 , 1291202012.22
382.0 , 194.0 , 33.6154708862 , 1 , 1291202012.43
378.0 , 196.0 , 36.3455619812 , 1 , 1291202012.64
380.0 , 196.0 , 36.0693778992 , 1 , 1291202012.86
376.0 , 200.0 , 40.8166618347 , 1 , 1291202013.07
380.0 , 198.0 , 33.6154708862 , 1 , 1291202013.49
382.0 , 194.0 , 29.1204395294 , 1 , 1291202013.71
374.0 , 208.0 , 48.1663780212 , 1 , 1291202013.92
378.0 , 200.0 , 36.4005508423 , 1 , 1291202014.13
374.0 , 198.0 , 38.8973007202 , 1 , 1291202014.35
374.0 , 204.0 , 44.2831802368 , 1 , 1291202014.56
378.0 , 200.0 , 36.2491378784 , 1 , 1291202014.77
378.0 , 202.0 , 44.147480011 , 1 , 1291202014.99
382.0 , 192.0 , 31.9061126709 , 1 , 1291202015.41
378.0 , 200.0 , 42.8018684387 , 1 , 1291202015.63
374.0 , 202.0 , 42.5440940857 , 1 , 1291202015.84
380.0 , 196.0 , 31.9061126709 , 1 , 1291202016.06
372.0 , 200.0 , 40.2616424561 , 1 , 1291202016.27
378.0 , 200.0 , 36.2491378784 , 1 , 1291202016.48
376.0 , 212.0 , 52.6307907104 , 1 , 1291202016.7
370.0 , 214.0 , 52.7730979919 , 1 , 1291202016.91
380.0 , 202.0 , 43.1393089294 , 1 , 1291202017.12
374.0 , 202.0 , 42.5440940857 , 1 , 1291202017.34
372.0 , 202.0 , 42.1544761658 , 1 , 1291202017.55
374.0 , 204.0 , 44.0454292297 , 1 , 1291202017.76
384.0 , 192.0 , 32.7566795349 , 1 , 1291202018.19
380.0 , 198.0 , 40.0 , 1 , 1291202018.4
374.0 , 208.0 , 45.2769241333 , 1 , 1291202018.61
374.0 , 208.0 , 48.0936584473 , 1 , 1291202018.83
378.0 , 202.0 , 44.294467926 , 1 , 1291202019.04
372.0 , 210.0 , 47.0956459045 , 1 , 1291202019.25
378.0 , 200.0 , 38.0131568909 , 1 , 1291202019.46
382.0 , 194.0 , 29.1547603607 , 1 , 1291202019.68
380.0 , 202.0 , 43.1856460571 , 1 , 1291202019.89
372.0 , 208.0 , 46.0651702881 , 1 , 1291202020.31
378.0 , 202.0 , 38.2883796692 , 1 , 1291202020.52
376.0 , 206.0 , 42.5793380737 , 1 , 1291202020.73
376.0 , 198.0 , 38.6393585205 , 1 , 1291202020.94
378.0 , 202.0 , 44.407207489 , 1 , 1291202021.15
380.0 , 198.0 , 33.97057724 , 1 , 1291202021.37
380.0 , 198.0 , 33.6154708862 , 1 , 1291202021.58
380.0 , 196.0 , 37.9473304749 , 1 , 1291202021.79
380.0 , 198.0 , 38.0131568909 , 1 , 1291202022.0
374.0 , 200.0 , 40.3112869263 , 1 , 1291202022.21
372.0 , 206.0 , 46.6904716492 , 1 , 1291202022.83
376.0 , 194.0 , 34.985710144 , 1 , 1291202023.05
334.0 , 216.0 , 61.0327796936 , 1 , 1291202023.27
378.0 , 196.0 , 36.3593177795 , 1 , 1291202023.48
376.0 , 212.0 , 47.634021759 , 1 , 1291202023.69
372.0 , 208.0 , 46.0651702881 , 1 , 1291202023.9
372.0 , 200.0 , 40.1123428345 , 1 , 1291202024.11
372.0 , 210.0 , 48.3011398315 , 1 , 1291202024.32
378.0 , 200.0 , 42.7200202942 , 1 , 1291202024.53
378.0 , 204.0 , 40.3112869263 , 1 , 1291202024.75
374.0 , 202.0 , 42.5440940857 , 1 , 1291202024.96
374.0 , 204.0 , 44.407207489 , 1 , 1291202025.38
378.0 , 200.0 , 36.3455619812 , 1 , 1291202025.59
372.0 , 204.0 , 43.7378540039 , 1 , 1291202025.81
380.0 , 196.0 , 39.8497161865 , 1 , 1291202026.02
370.0 , 212.0 , 51.8555679321 , 1 , 1291202026.23
380.0 , 198.0 , 40.4598579407 , 1 , 1291202026.44
386.0 , 190.0 , 30.0 , 1 , 1291202026.65
384.0 , 198.0 , 38.0788650513 , 1 , 1291202027.07
376.0 , 206.0 , 42.6380119324 , 1 , 1291202027.28
380.0 , 196.0 , 39.8497161865 , 1 , 1291202027.49
374.0 , 206.0 , 42.7200202942 , 1 , 1291202027.7
322.0 , 180.0 , 181.218093872 , 13 , 1291202028.09
384.0 , 192.0 , 32.3882713318 , 1 , 1291202028.3
372.0 , 200.0 , 40.0 , 1 , 1291202028.51
380.0 , 200.0 , 41.7731971741 , 1 , 1291202028.93
378.0 , 200.0 , 36.3593177795 , 1 , 1291202029.14
378.0 , 202.0 , 44.294467926 , 1 , 1291202029.35
372.0 , 206.0 , 45.7055778503 , 1 , 1291202029.56
384.0 , 192.0 , 33.0605506897 , 1 , 1291202029.78
376.0 , 202.0 , 38.9101524353 , 1 , 1291202029.99
380.0 , 202.0 , 43.1856460571 , 1 , 1291202030.2
372.0 , 204.0 , 43.8406219482 , 1 , 1291202030.41
372.0 , 200.0 , 40.1995010376 , 1 , 1291202030.62
378.0 , 202.0 , 38.0788650513 , 1 , 1291202030.83
376.0 , 192.0 , 32.8937683105 , 1 , 1291202031.42
374.0 , 204.0 , 44.2831802368 , 1 , 1291202031.63
370.0 , 208.0 , 48.8364601135 , 1 , 1291202032.32
378.0 , 196.0 , 36.6742401123 , 1 , 1291202032.53
372.0 , 210.0 , 47.1699066162 , 1 , 1291202032.74
376.0 , 200.0 , 40.7921562195 , 1 , 1291202032.95
374.0 , 208.0 , 48.0104141235 , 1 , 1291202033.17
374.0 , 206.0 , 42.941822052 , 1 , 1291202033.38
380.0 , 200.0 , 41.7851638794 , 1 , 1291202033.59
382.0 , 198.0 , 38.6005172729 , 1 , 1291202033.8
376.0 , 202.0 , 42.5793380737 , 1 , 1291202034.02
384.0 , 194.0 , 34.6698722839 , 1 , 1291202034.23
370.0 , 212.0 , 51.2249946594 , 1 , 1291202034.44
372.0 , 208.0 , 46.6904716492 , 1 , 1291202034.65
374.0 , 202.0 , 42.3792419434 , 1 , 1291202034.86
352.0 , 222.0 , 65.5209884644 , 3 , 1291202035.1
378.0 , 208.0 , 49.0407981873 , 1 , 1291202035.31
380.0 , 198.0 , 40.4474983215 , 1 , 1291202035.53
372.0 , 196.0 , 36.2215423584 , 1 , 1291202035.74
374.0 , 204.0 , 44.2718887329 , 1 , 1291202035.95
378.0 , 200.0 , 42.5440940857 , 1 , 1291202036.16
380.0 , 206.0 , 40.4969139099 , 1 , 1291202036.37
380.0 , 200.0 , 41.7731971741 , 1 , 1291202036.58
372.0 , 206.0 , 46.6904716492 , 1 , 1291202037.28
384.0 , 194.0 , 34.6698722839 , 1 , 1291202037.49
378.0 , 206.0 , 41.8807830811 , 1 , 1291202038.12
372.0 , 210.0 , 49.2442893982 , 1 , 1291202038.53
372.0 , 204.0 , 43.3243598938 , 1 , 1291202038.74
374.0 , 194.0 , 31.0644493103 , 1 , 1291202038.95
376.0 , 210.0 , 46.2385139465 , 1 , 1291202039.17
380.0 , 200.0 , 41.7731971741 , 1 , 1291202039.38
380.0 , 202.0 , 43.2666168213 , 1 , 1291202039.59
372.0 , 208.0 , 47.8539428711 , 1 , 1291202039.8
374.0 , 210.0 , 46.5295600891 , 1 , 1291202040.01
376.0 , 204.0 , 40.8044128418 , 1 , 1291202040.23
374.0 , 204.0 , 44.407207489 , 1 , 1291202040.44
378.0 , 200.0 , 42.6380119324 , 1 , 1291202040.65
376.0 , 202.0 , 42.7200202942 , 1 , 1291202040.89
372.0 , 208.0 , 46.0977210999 , 1 , 1291202041.1
338.0 , 214.0 , 52.4976196289 , 1 , 1291202041.31
380.0 , 198.0 , 40.4969139099 , 1 , 1291202041.52
372.0 , 204.0 , 44.0113639832 , 1 , 1291202041.74
372.0 , 210.0 , 47.8016738892 , 1 , 1291202041.95
378.0 , 200.0 , 42.2018966675 , 1 , 1291202042.16
378.0 , 198.0 , 34.8281478882 , 1 , 1291202042.37
380.0 , 204.0 , 44.7772254944 , 1 , 1291202042.58
378.0 , 204.0 , 46.0651702881 , 1 , 1291202043.01
374.0 , 194.0 , 31.0483493805 , 1 , 1291202043.22
378.0 , 200.0 , 36.4005508423 , 1 , 1291202043.43
378.0 , 200.0 , 40.3112869263 , 1 , 1291202043.64
376.0 , 200.0 , 40.718547821 , 1 , 1291202043.85
378.0 , 204.0 , 46.0434570312 , 1 , 1291202044.07
380.0 , 194.0 , 34.1760139465 , 1 , 1291202044.49
380.0 , 198.0 , 38.0525970459 , 1 , 1291202044.7
382.0 , 196.0 , 37.1079521179 , 1 , 1291202044.91
374.0 , 198.0 , 38.9101524353 , 1 , 1291202045.33
384.0 , 200.0 , 39.2045898438 , 1 , 1291202045.54
380.0 , 204.0 , 44.7772254944 , 1 , 1291202045.76
376.0 , 198.0 , 38.8329772949 , 1 , 1291202045.97
452.0 , 422.0 , 196.290603638 , 16 , 1291202046.47
372.0 , 210.0 , 47.5078926086 , 1 , 1291202046.68
372.0 , 206.0 , 46.615447998 , 1 , 1291202046.89
378.0 , 198.0 , 38.3275375366 , 1 , 1291202047.1
368.0 , 304.0 , 127.781059265 , 13 , 1291202047.54
370.0 , 214.0 , 52.1727905273 , 1 , 1291202047.75
382.0 , 194.0 , 29.4108829498 , 1 , 1291202047.97
382.0 , 192.0 , 31.7804965973 , 1 , 1291202048.18
376.0 , 200.0 , 40.8533973694 , 1 , 1291202048.39
372.0 , 212.0 , 48.7647399902 , 1 , 1291202048.61
382.0 , 194.0 , 29.4108829498 , 1 , 1291202048.82
358.0 , 216.0 , 35.1141014099 , 1 , 1291202049.04
378.0 , 204.0 , 46.0434570312 , 1 , 1291202049.25
376.0 , 202.0 , 42.7200202942 , 1 , 1291202049.46
380.0 , 202.0 , 37.3363075256 , 1 , 1291202049.68
382.0 , 196.0 , 37.215587616 , 1 , 1291202049.89
372.0 , 208.0 , 46.0977210999 , 1 , 1291202050.1
372.0 , 202.0 , 41.6293182373 , 1 , 1291202050.31
380.0 , 196.0 , 31.8904380798 , 1 , 1291202050.52
370.0 , 212.0 , 51.7397346497 , 1 , 1291202050.73
384.0 , 190.0 , 31.1448230743 , 1 , 1291202050.95
380.0 , 198.0 , 40.6078796387 , 1 , 1291202051.16
370.0 , 206.0 , 45.2769241333 , 1 , 1291202051.37
380.0 , 198.0 , 33.6154708862 , 1 , 1291202051.58
372.0 , 204.0 , 43.8634262085 , 1 , 1291202051.79
370.0 , 182.0 , 22.3606796265 , 1 , 1291202052.0
376.0 , 200.0 , 40.8533973694 , 1 , 1291202052.21
376.0 , 200.0 , 40.8533973694 , 1 , 1291202052.42
382.0 , 196.0 , 37.215587616 , 1 , 1291202052.63
378.0 , 202.0 , 44.6878051758 , 1 , 1291202052.85
376.0 , 204.0 , 44.5982055664 , 1 , 1291202053.06
380.0 , 196.0 , 36.2215423584 , 1 , 1291202053.27
374.0 , 204.0 , 44.407207489 , 1 , 1291202053.48
378.0 , 204.0 , 46.0977210999 , 1 , 1291202053.69
376.0 , 206.0 , 42.7200202942 , 1 , 1291202054.12
374.0 , 204.0 , 44.294467926 , 1 , 1291202054.33
372.0 , 214.0 , 50.8035430908 , 1 , 1291202054.75
370.0 , 214.0 , 52.1727905273 , 1 , 1291202054.96
378.0 , 202.0 , 44.7772254944 , 1 , 1291202055.17
380.0 , 188.0 , 28.3019428253 , 1 , 1291202055.38
384.0 , 192.0 , 32.7566795349 , 1 , 1291202055.59
374.0 , 206.0 , 46.1410865784 , 1 , 1291202055.8
372.0 , 210.0 , 47.8016738892 , 1 , 1291202056.02
374.0 , 206.0 , 46.0977210999 , 1 , 1291202056.23
372.0 , 210.0 , 48.8262214661 , 1 , 1291202056.44
378.0 , 208.0 , 49.2442893982 , 1 , 1291202056.65
374.0 , 200.0 , 40.4598579407 , 1 , 1291202056.86
434.0 , 76.0 , 187.523330688 , 10 , 1291202057.15
382.0 , 196.0 , 31.1448230743 , 1 , 1291202057.36
372.0 , 204.0 , 44.1814422607 , 1 , 1291202057.57
372.0 , 200.0 , 40.1995010376 , 1 , 1291202057.78
372.0 , 214.0 , 50.990196228 , 1 , 1291202058.0
374.0 , 202.0 , 42.5440940857 , 1 , 1291202058.21
372.0 , 208.0 , 46.8721656799 , 1 , 1291202058.42
372.0 , 208.0 , 46.615447998 , 1 , 1291202058.63
84.0 , 172.0 , 113.635383606 , 6 , 1291202058.91
378.0 , 200.0 , 42.6380119324 , 1 , 1291202059.12
372.0 , 206.0 , 46.6904716492 , 1 , 1291202059.33
288.0 , 268.0 , 154.20765686 , 4 , 1291202059.57
372.0 , 202.0 , 42.2965736389 , 1 , 1291202059.78
424.0 , 420.0 , 168.428024292 , 2 , 1291202060.0
372.0 , 206.0 , 45.5411911011 , 1 , 1291202060.22
380.0 , 202.0 , 43.2666168213 , 1 , 1291202060.43
380.0 , 196.0 , 36.0555114746 , 1 , 1291202060.64
382.0 , 194.0 , 29.1547603607 , 1 , 1291202060.85
380.0 , 200.0 , 41.8807830811 , 1 , 1291202061.06
374.0 , 210.0 , 47.0956459045 , 1 , 1291202061.28
372.0 , 212.0 , 48.8364601135 , 1 , 1291202061.49
380.0 , 200.0 , 42.0119018555 , 1 , 1291202061.7
382.0 , 198.0 , 33.1360816956 , 1 , 1291202061.91
380.0 , 204.0 , 44.7772254944 , 1 , 1291202062.12
380.0 , 198.0 , 33.8378486633 , 1 , 1291202062.33
378.0 , 204.0 , 40.0124969482 , 1 , 1291202062.54
380.0 , 198.0 , 40.3112869263 , 1 , 1291202062.96
370.0 , 208.0 , 47.0744094849 , 1 , 1291202063.17
374.0 , 200.0 , 40.4474983215 , 1 , 1291202063.38
380.0 , 192.0 , 32.1403160095 , 1 , 1291202063.59
378.0 , 206.0 , 47.634021759 , 1 , 1291202063.8
376.0 , 200.0 , 40.718547821 , 1 , 1291202064.01
372.0 , 204.0 , 43.4165878296 , 1 , 1291202064.22
372.0 , 208.0 , 46.0651702881 , 1 , 1291202064.44
378.0 , 202.0 , 44.1021537781 , 1 , 1291202064.65
376.0 , 210.0 , 46.4004325867 , 1 , 1291202064.86
378.0 , 200.0 , 36.4005508423 , 1 , 1291202065.07
378.0 , 200.0 , 42.5440940857 , 1 , 1291202065.29
378.0 , 200.0 , 36.2491378784 , 1 , 1291202065.5
378.0 , 194.0 , 34.1760139465 , 1 , 1291202065.71
372.0 , 204.0 , 44.0454292297 , 1 , 1291202065.93
380.0 , 198.0 , 37.9473304749 , 1 , 1291202066.14
382.0 , 196.0 , 31.2409992218 , 1 , 1291202066.35
380.0 , 196.0 , 36.0555114746 , 1 , 1291202066.56
378.0 , 204.0 , 46.0651702881 , 1 , 1291202066.98
380.0 , 194.0 , 34.1320953369 , 1 , 1291202067.4
372.0 , 192.0 , 32.6496543884 , 1 , 1291202067.61
372.0 , 208.0 , 46.6904716492 , 1 , 1291202067.82
374.0 , 204.0 , 40.8044128418 , 1 , 1291202068.03
380.0 , 198.0 , 33.8378486633 , 1 , 1291202068.24
380.0 , 198.0 , 38.1182365417 , 1 , 1291202068.45
380.0 , 198.0 , 40.3608703613 , 1 , 1291202068.66
388.0 , 194.0 , 34.525352478 , 1 , 1291202069.08
378.0 , 200.0 , 42.7200202942 , 1 , 1291202069.3
382.0 , 198.0 , 38.9486846924 , 1 , 1291202069.51
378.0 , 200.0 , 36.3455619812 , 1 , 1291202069.72
380.0 , 196.0 , 36.1247825623 , 1 , 1291202069.93
376.0 , 202.0 , 42.7200202942 , 1 , 1291202070.14
372.0 , 210.0 , 47.927028656 , 1 , 1291202070.36
378.0 , 198.0 , 34.6698722839 , 1 , 1291202070.57
376.0 , 210.0 , 46.1735839844 , 1 , 1291202070.79
378.0 , 204.0 , 46.0434570312 , 1 , 1291202071.0
376.0 , 204.0 , 40.8533973694 , 1 , 1291202071.21
380.0 , 198.0 , 40.1621704102 , 1 , 1291202071.42
372.0 , 204.0 , 44.0113639832 , 1 , 1291202071.63
372.0 , 210.0 , 47.1699066162 , 1 , 1291202071.84
384.0 , 192.0 , 32.6496543884 , 1 , 1291202072.05
412.0 , 200.0 , 35.468296051 , 1 , 1291202072.27
372.0 , 208.0 , 46.0434570312 , 1 , 1291202072.48
380.0 , 202.0 , 43.2666168213 , 1 , 1291202072.69
376.0 , 198.0 , 38.587562561 , 1 , 1291202072.9
378.0 , 200.0 , 36.4005508423 , 1 , 1291202073.11
380.0 , 196.0 , 36.0555114746 , 1 , 1291202073.32
374.0 , 206.0 , 46.0434570312 , 1 , 1291202073.74
382.0 , 194.0 , 34.0 , 1 , 1291202073.96
380.0 , 202.0 , 37.4833297729 , 1 , 1291202074.17
380.0 , 194.0 , 34.1760139465 , 1 , 1291202074.38
380.0 , 198.0 , 38.0131568909 , 1 , 1291202074.59
372.0 , 204.0 , 44.1021537781 , 1 , 1291202074.8
374.0 , 206.0 , 46.5188140869 , 1 , 1291202075.02
374.0 , 206.0 , 43.4165878296 , 1 , 1291202075.23
376.0 , 206.0 , 42.8018684387 , 1 , 1291202075.44
372.0 , 214.0 , 50.8035430908 , 1 , 1291202075.83
374.0 , 208.0 , 45.0444221497 , 1 , 1291202076.24
376.0 , 204.0 , 40.718547821 , 1 , 1291202076.46
378.0 , 192.0 , 32.6496543884 , 1 , 1291202076.67
372.0 , 212.0 , 49.2442893982 , 1 , 1291202076.88
378.0 , 196.0 , 36.4005508423 , 1 , 1291202077.09
376.0 , 198.0 , 38.6005172729 , 1 , 1291202077.3
372.0 , 200.0 , 40.1995010376 , 1 , 1291202077.51
372.0 , 206.0 , 46.3896522522 , 1 , 1291202077.73
374.0 , 202.0 , 42.5793380737 , 1 , 1291202077.94
380.0 , 206.0 , 40.4969139099 , 1 , 1291202078.15
376.0 , 202.0 , 42.7200202942 , 1 , 1291202078.36
378.0 , 204.0 , 45.7930107117 , 1 , 1291202078.57
372.0 , 206.0 , 45.8039283752 , 1 , 1291202078.79
372.0 , 204.0 , 43.0813179016 , 1 , 1291202079.0
376.0 , 202.0 , 42.5793380737 , 1 , 1291202079.21
380.0 , 198.0 , 38.2099456787 , 1 , 1291202079.42
372.0 , 208.0 , 47.634021759 , 1 , 1291202079.63
372.0 , 212.0 , 50.2195167542 , 1 , 1291202079.84
374.0 , 210.0 , 47.010635376 , 1 , 1291202080.06
380.0 , 194.0 , 34.1320953369 , 1 , 1291202080.27
372.0 , 196.0 , 36.4005508423 , 1 , 1291202080.48
372.0 , 210.0 , 47.8852806091 , 1 , 1291202080.69
378.0 , 200.0 , 36.2215423584 , 1 , 1291202080.91
382.0 , 200.0 , 40.8044128418 , 1 , 1291202081.12
386.0 , 188.0 , 28.6530971527 , 1 , 1291202081.33
372.0 , 208.0 , 46.0651702881 , 1 , 1291202081.55
380.0 , 196.0 , 36.1386222839 , 1 , 1291202081.76
378.0 , 200.0 , 36.2353401184 , 1 , 1291202081.97
372.0 , 210.0 , 47.1699066162 , 1 , 1291202082.18
376.0 , 212.0 , 47.8539428711 , 1 , 1291202082.39
380.0 , 198.0 , 33.97057724 , 1 , 1291202082.6
380.0 , 202.0 , 43.3820228577 , 1 , 1291202082.82
376.0 , 202.0 , 38.8973007202 , 1 , 1291202083.03
380.0 , 200.0 , 41.8807830811 , 1 , 1291202083.24
378.0 , 204.0 , 46.0651702881 , 1 , 1291202083.45
566.0 , 292.0 , 115.277923584 , 4 , 1291202083.68
370.0 , 196.0 , 36.013885498 , 1 , 1291202083.9
372.0 , 214.0 , 51.429561615 , 1 , 1291202084.11
380.0 , 204.0 , 39.1152153015 , 1 , 1291202084.32
380.0 , 198.0 , 40.3608703613 , 1 , 1291202084.53
380.0 , 196.0 , 36.1386222839 , 1 , 1291202084.74
370.0 , 202.0 , 41.4004821777 , 1 , 1291202084.95
372.0 , 204.0 , 44.1021537781 , 1 , 1291202085.17
384.0 , 190.0 , 30.8868904114 , 1 , 1291202085.38
374.0 , 204.0 , 44.3846817017 , 1 , 1291202085.59
380.0 , 204.0 , 44.8218688965 , 1 , 1291202085.8
374.0 , 204.0 , 44.4184646606 , 1 , 1291202086.01
376.0 , 204.0 , 41.0 , 1 , 1291202086.23
374.0 , 206.0 , 42.7200202942 , 1 , 1291202086.44
380.0 , 198.0 , 33.8378486633 , 1 , 1291202086.65
380.0 , 196.0 , 36.2215423584 , 1 , 1291202086.86
380.0 , 198.0 , 40.3608703613 , 1 , 1291202087.07
370.0 , 216.0 , 53.8237876892 , 1 , 1291202087.28
378.0 , 206.0 , 47.8539428711 , 1 , 1291202087.49
372.0 , 206.0 , 45.6070175171 , 1 , 1291202087.91
380.0 , 202.0 , 37.4833297729 , 1 , 1291202088.12
378.0 , 196.0 , 36.3593177795 , 1 , 1291202088.33
380.0 , 198.0 , 38.0131568909 , 1 , 1291202088.55
372.0 , 210.0 , 49.0407981873 , 1 , 1291202088.76
378.0 , 198.0 , 38.3275375366 , 1 , 1291202088.97
380.0 , 202.0 , 43.2666168213 , 1 , 1291202089.18
370.0 , 204.0 , 42.3792419434 , 1 , 1291202089.39
376.0 , 208.0 , 44.5982055664 , 1 , 1291202089.6
376.0 , 210.0 , 46.3249397278 , 1 , 1291202089.81
372.0 , 204.0 , 44.0113639832 , 1 , 1291202090.02
374.0 , 202.0 , 42.7200202942 , 1 , 1291202090.45
374.0 , 206.0 , 46.0434570312 , 1 , 1291202090.66
374.0 , 204.0 , 41.0 , 1 , 1291202090.87
380.0 , 198.0 , 40.4598579407 , 1 , 1291202091.08
376.0 , 206.0 , 42.6380119324 , 1 , 1291202091.29
376.0 , 208.0 , 44.6430282593 , 1 , 1291202091.5
378.0 , 200.0 , 36.2491378784 , 1 , 1291202091.71
380.0 , 194.0 , 34.1320953369 , 1 , 1291202091.93
372.0 , 196.0 , 36.2353401184 , 1 , 1291202092.35
380.0 , 196.0 , 36.2215423584 , 1 , 1291202092.56
380.0 , 196.0 , 36.1247825623 , 1 , 1291202092.77
380.0 , 202.0 , 43.2781715393 , 1 , 1291202092.98
376.0 , 202.0 , 42.7200202942 , 1 , 1291202093.19
380.0 , 200.0 , 41.7731971741 , 1 , 1291202093.41
380.0 , 204.0 , 39.1152153015 , 1 , 1291202093.62
382.0 , 202.0 , 36.4005508423 , 1 , 1291202093.83
372.0 , 202.0 , 42.2965736389 , 1 , 1291202094.04
374.0 , 206.0 , 46.3896522522 , 1 , 1291202094.25
380.0 , 194.0 , 34.1760139465 , 1 , 1291202094.46
380.0 , 198.0 , 38.0131568909 , 1 , 1291202094.68
370.0 , 214.0 , 53.1507301331 , 1 , 1291202094.89
376.0 , 202.0 , 42.7200202942 , 1 , 1291202095.1
380.0 , 196.0 , 36.2215423584 , 1 , 1291202095.52
374.0 , 206.0 , 46.1735839844 , 1 , 1291202095.73
164.0 , 170.0 , 196.81463623 , 13 , 1291202096.13
380.0 , 196.0 , 36.2215423584 , 1 , 1291202096.34
370.0 , 216.0 , 54.0832710266 , 1 , 1291202096.55
374.0 , 208.0 , 48.0520553589 , 1 , 1291202097.19
382.0 , 194.0 , 33.8378486633 , 1 , 1291202097.4
378.0 , 200.0 , 40.3112869263 , 1 , 1291202097.61
388.0 , 190.0 , 29.5296459198 , 1 , 1291202097.82
378.0 , 204.0 , 46.0651702881 , 1 , 1291202098.03
374.0 , 208.0 , 45.3431358337 , 1 , 1291202098.25
370.0 , 212.0 , 51.6623649597 , 1 , 1291202098.46
374.0 , 206.0 , 46.0434570312 , 1 , 1291202098.87
374.0 , 206.0 , 46.270942688 , 1 , 1291202099.09
376.0 , 206.0 , 42.7200202942 , 1 , 1291202099.3
384.0 , 192.0 , 32.7566795349 , 1 , 1291202099.51
380.0 , 202.0 , 43.1856460571 , 1 , 1291202099.72
372.0 , 208.0 , 46.0977210999 , 1 , 1291202099.93
374.0 , 204.0 , 44.4184646606 , 1 , 1291202100.15
370.0 , 214.0 , 53.3385429382 , 1 , 1291202100.36
374.0 , 210.0 , 47.010635376 , 1 , 1291202100.57
372.0 , 204.0 , 44.0454292297 , 1 , 1291202100.81
378.0 , 200.0 , 36.4005508423 , 1 , 1291202101.23
382.0 , 190.0 , 30.0665931702 , 1 , 1291202101.44
386.0 , 188.0 , 28.6006984711 , 1 , 1291202101.65
372.0 , 206.0 , 46.3896522522 , 1 , 1291202102.07
374.0 , 204.0 , 44.407207489 , 1 , 1291202102.28
378.0 , 192.0 , 32.449962616 , 1 , 1291202102.49
382.0 , 192.0 , 32.0 , 1 , 1291202102.71
376.0 , 198.0 , 35.057094574 , 1 , 1291202102.92
374.0 , 202.0 , 39.0128173828 , 1 , 1291202103.13
374.0 , 206.0 , 46.3896522522 , 1 , 1291202103.34
378.0 , 206.0 , 47.5078926086 , 1 , 1291202103.55
382.0 , 200.0 , 40.718547821 , 1 , 1291202103.98
378.0 , 200.0 , 36.3593177795 , 1 , 1291202104.19
378.0 , 198.0 , 38.2753181458 , 1 , 1291202104.4
374.0 , 190.0 , 30.3644523621 , 1 , 1291202104.61
376.0 , 198.0 , 38.8329772949 , 1 , 1291202104.83
378.0 , 202.0 , 38.2099456787 , 1 , 1291202105.04
380.0 , 198.0 , 39.9624824524 , 1 , 1291202105.46
374.0 , 210.0 , 46.615447998 , 1 , 1291202105.67
380.0 , 198.0 , 40.2243690491 , 1 , 1291202105.88
376.0 , 198.0 , 38.8973007202 , 1 , 1291202106.09
388.0 , 190.0 , 29.0688838959 , 1 , 1291202106.3
378.0 , 200.0 , 36.3593177795 , 1 , 1291202106.51
380.0 , 196.0 , 36.0693778992 , 1 , 1291202106.72
372.0 , 204.0 , 44.1021537781 , 1 , 1291202106.94
374.0 , 206.0 , 46.4004325867 , 1 , 1291202107.15
380.0 , 202.0 , 43.3820228577 , 1 , 1291202107.36
374.0 , 206.0 , 46.1735839844 , 1 , 1291202107.57
372.0 , 204.0 , 44.1021537781 , 1 , 1291202107.79
380.0 , 196.0 , 36.1247825623 , 1 , 1291202108.0
374.0 , 208.0 , 44.7213592529 , 1 , 1291202108.21
370.0 , 208.0 , 48.7954902649 , 1 , 1291202108.42
148.0 , 304.0 , 127.475486755 , 5 , 1291202108.68
382.0 , 194.0 , 29.4108829498 , 1 , 1291202108.89
374.0 , 208.0 , 47.927028656 , 1 , 1291202109.11
372.0 , 198.0 , 38.0788650513 , 1 , 1291202109.32
374.0 , 208.0 , 48.0936584473 , 1 , 1291202109.53
376.0 , 202.0 , 42.7200202942 , 1 , 1291202109.74
378.0 , 200.0 , 36.2353401184 , 1 , 1291202109.95
378.0 , 204.0 , 46.0651702881 , 1 , 1291202110.16
372.0 , 208.0 , 46.615447998 , 1 , 1291202110.38
378.0 , 192.0 , 32.5576400757 , 1 , 1291202110.59
378.0 , 196.0 , 36.4965744019 , 1 , 1291202110.8
380.0 , 196.0 , 36.2215423584 , 1 , 1291202111.22
378.0 , 204.0 , 46.1410865784 , 1 , 1291202111.43
150.0 , 276.0 , 66.4830780029 , 6 , 1291202111.69
372.0 , 210.0 , 47.5078926086 , 1 , 1291202111.9
374.0 , 206.0 , 46.4004325867 , 1 , 1291202112.11
380.0 , 198.0 , 40.3608703613 , 1 , 1291202112.33
374.0 , 212.0 , 48.3735466003 , 1 , 1291202112.54
374.0 , 208.0 , 45.1774291992 , 1 , 1291202112.75
378.0 , 200.0 , 36.4965744019 , 1 , 1291202112.96
380.0 , 198.0 , 38.1182365417 , 1 , 1291202113.17
374.0 , 208.0 , 45.2769241333 , 1 , 1291202113.39
372.0 , 210.0 , 49.2442893982 , 1 , 1291202113.6
308.0 , 202.0 , 41.0 , 2 , 1291202113.84
372.0 , 212.0 , 49.3355865479 , 1 , 1291202114.05
380.0 , 196.0 , 40.2243690491 , 1 , 1291202114.26
380.0 , 196.0 , 36.1386222839 , 1 , 1291202114.48
376.0 , 200.0 , 40.8533973694 , 1 , 1291202114.69
378.0 , 204.0 , 46.0434570312 , 1 , 1291202114.91
372.0 , 198.0 , 38.0788650513 , 1 , 1291202115.12
386.0 , 192.0 , 31.7804965973 , 1 , 1291202115.33
380.0 , 206.0 , 46.615447998 , 1 , 1291202115.75
380.0 , 202.0 , 43.2781715393 , 1 , 1291202115.96
374.0 , 208.0 , 45.1774291992 , 1 , 1291202116.38
372.0 , 206.0 , 45.7930107117 , 1 , 1291202116.59
374.0 , 206.0 , 46.270942688 , 1 , 1291202116.8
378.0 , 204.0 , 46.0977210999 , 1 , 1291202117.02
372.0 , 196.0 , 36.1386222839 , 1 , 1291202117.23
372.0 , 202.0 , 42.0475921631 , 1 , 1291202117.44
380.0 , 196.0 , 36.1247825623 , 1 , 1291202117.65
378.0 , 200.0 , 42.7200202942 , 1 , 1291202117.86
372.0 , 206.0 , 46.6690483093 , 1 , 1291202118.08
376.0 , 196.0 , 36.8781776428 , 1 , 1291202118.29
380.0 , 206.0 , 40.7062644958 , 1 , 1291202118.5
384.0 , 188.0 , 29.4278774261 , 1 , 1291202118.71
370.0 , 210.0 , 50.2095603943 , 1 , 1291202118.92
372.0 , 202.0 , 42.0594825745 , 1 , 1291202119.14
380.0 , 196.0 , 36.1247825623 , 1 , 1291202119.35
374.0 , 206.0 , 46.270942688 , 1 , 1291202119.56
370.0 , 216.0 , 53.7587203979 , 1 , 1291202119.77
374.0 , 202.0 , 42.5440940857 , 1 , 1291202119.99
378.0 , 202.0 , 44.4184646606 , 1 , 1291202120.4
372.0 , 204.0 , 43.3243598938 , 1 , 1291202120.61
374.0 , 206.0 , 46.1735839844 , 1 , 1291202120.82
378.0 , 204.0 , 46.0977210999 , 1 , 1291202121.04
374.0 , 206.0 , 46.5295600891 , 1 , 1291202121.25
380.0 , 198.0 , 38.0131568909 , 1 , 1291202121.46
372.0 , 206.0 , 46.4004325867 , 1 , 1291202121.67
374.0 , 200.0 , 40.8533973694 , 1 , 1291202121.88
380.0 , 204.0 , 45.0 , 1 , 1291202122.3
380.0 , 202.0 , 43.1856460571 , 1 , 1291202122.72
374.0 , 208.0 , 48.0832595825 , 1 , 1291202122.93
378.0 , 194.0 , 34.481880188 , 1 , 1291202123.35
372.0 , 196.0 , 36.4965744019 , 1 , 1291202123.77
374.0 , 202.0 , 42.5440940857 , 1 , 1291202123.98
374.0 , 206.0 , 46.0977210999 , 1 , 1291202124.19
374.0 , 202.0 , 42.2018966675 , 1 , 1291202124.61
374.0 , 210.0 , 46.5295600891 , 1 , 1291202125.03
378.0 , 204.0 , 45.8039283752 , 1 , 1291202125.24
372.0 , 206.0 , 45.188495636 , 1 , 1291202125.45
378.0 , 204.0 , 46.0977210999 , 1 , 1291202125.66
376.0 , 208.0 , 44.5982055664 , 1 , 1291202125.88
382.0 , 194.0 , 34.0 , 1 , 1291202126.09
376.0 , 200.0 , 40.8166618347 , 1 , 1291202126.3
372.0 , 208.0 , 47.8539428711 , 1 , 1291202126.51
374.0 , 202.0 , 43.0116271973 , 1 , 1291202126.72
374.0 , 206.0 , 46.0434570312 , 1 , 1291202126.93
376.0 , 198.0 , 38.9101524353 , 1 , 1291202127.15
374.0 , 202.0 , 42.5205841064 , 1 , 1291202127.36
374.0 , 206.0 , 46.3249397278 , 1 , 1291202127.57
372.0 , 214.0 , 50.9313278198 , 1 , 1291202127.78
372.0 , 202.0 , 42.2965736389 , 1 , 1291202127.99
374.0 , 200.0 , 40.4474983215 , 1 , 1291202128.21
376.0 , 202.0 , 42.7200202942 , 1 , 1291202128.62
382.0 , 196.0 , 37.1079521179 , 1 , 1291202129.04
374.0 , 206.0 , 42.7200202942 , 1 , 1291202129.25
374.0 , 214.0 , 50.4777183533 , 1 , 1291202129.46
380.0 , 198.0 , 40.2243690491 , 1 , 1291202129.68
376.0 , 208.0 , 44.5533370972 , 1 , 1291202129.89
378.0 , 200.0 , 42.5440940857 , 1 , 1291202130.1
374.0 , 206.0 , 46.1735839844 , 1 , 1291202130.31
380.0 , 202.0 , 37.4833297729 , 1 , 1291202130.52
372.0 , 212.0 , 50.2195167542 , 1 , 1291202130.74
376.0 , 198.0 , 38.9101524353 , 1 , 1291202130.95
374.0 , 206.0 , 46.0108680725 , 1 , 1291202131.16
376.0 , 202.0 , 42.7200202942 , 1 , 1291202131.37
374.0 , 200.0 , 40.7921562195 , 1 , 1291202131.58
378.0 , 204.0 , 45.9673805237 , 1 , 1291202131.8
372.0 , 208.0 , 47.634021759 , 1 , 1291202132.01
374.0 , 210.0 , 46.7546806335 , 1 , 1291202132.22
372.0 , 208.0 , 46.8614997864 , 1 , 1291202132.43
382.0 , 196.0 , 37.2021522522 , 1 , 1291202132.64
374.0 , 202.0 , 42.5793380737 , 1 , 1291202133.06
380.0 , 198.0 , 33.9411239624 , 1 , 1291202133.27
374.0 , 206.0 , 42.941822052 , 1 , 1291202133.48
376.0 , 210.0 , 46.2276954651 , 1 , 1291202133.7
376.0 , 202.0 , 42.755115509 , 1 , 1291202133.91
372.0 , 216.0 , 53.0094337463 , 1 , 1291202134.13
380.0 , 200.0 , 42.0119018555 , 1 , 1291202134.34
378.0 , 200.0 , 36.2353401184 , 1 , 1291202134.55
372.0 , 208.0 , 46.0977210999 , 1 , 1291202134.76
382.0 , 196.0 , 31.1448230743 , 1 , 1291202134.97
378.0 , 204.0 , 39.9249305725 , 1 , 1291202135.19
374.0 , 206.0 , 46.0434570312 , 1 , 1291202135.4
372.0 , 204.0 , 43.1856460571 , 1 , 1291202135.61
344.0 , 218.0 , 66.8505783081 , 1 , 1291202135.83
374.0 , 206.0 , 42.7200202942 , 1 , 1291202136.04
378.0 , 204.0 , 46.1410865784 , 1 , 1291202136.26
378.0 , 200.0 , 36.3455619812 , 1 , 1291202136.47
380.0 , 198.0 , 38.0131568909 , 1 , 1291202136.68
384.0 , 192.0 , 32.7566795349 , 1 , 1291202136.89
380.0 , 202.0 , 37.3363075256 , 1 , 1291202137.1
372.0 , 206.0 , 44.9444084167 , 1 , 1291202137.31
370.0 , 186.0 , 26.172504425 , 1 , 1291202137.53
380.0 , 198.0 , 40.2243690491 , 1 , 1291202137.75
386.0 , 188.0 , 28.6530971527 , 1 , 1291202137.96
378.0 , 204.0 , 46.1410865784 , 1 , 1291202138.17
374.0 , 206.0 , 46.1410865784 , 1 , 1291202138.38
378.0 , 200.0 , 42.4499702454 , 1 , 1291202138.6
378.0 , 200.0 , 36.6196670532 , 1 , 1291202138.81
372.0 , 210.0 , 49.0407981873 , 1 , 1291202139.02
384.0 , 194.0 , 34.525352478 , 1 , 1291202139.23
378.0 , 202.0 , 38.2753181458 , 1 , 1291202139.44
372.0 , 196.0 , 36.2353401184 , 1 , 1291202139.65
372.0 , 218.0 , 54.7448616028 , 1 , 1291202139.87
378.0 , 200.0 , 38.0788650513 , 1 , 1291202140.08
372.0 , 200.0 , 40.2616424561 , 1 , 1291202140.29
376.0 , 204.0 , 40.8166618347 , 1 , 1291202140.5
380.0 , 202.0 , 37.3630828857 , 1 , 1291202140.71
378.0 , 200.0 , 42.5205841064 , 1 , 1291202140.92
372.0 , 206.0 , 45.2216758728 , 1 , 1291202141.14
374.0 , 204.0 , 44.5533370972 , 1 , 1291202141.35
374.0 , 202.0 , 42.941822052 , 1 , 1291202141.56
372.0 , 206.0 , 46.0977210999 , 1 , 1291202141.77
280.0 , 210.0 , 50.5964431763 , 1 , 1291202141.99
376.0 , 202.0 , 39.0512466431 , 1 , 1291202142.2
380.0 , 200.0 , 42.0119018555 , 1 , 1291202142.41
378.0 , 202.0 , 44.2040710449 , 1 , 1291202142.63
376.0 , 204.0 , 40.8166618347 , 1 , 1291202142.85
380.0 , 198.0 , 38.0131568909 , 1 , 1291202143.06
368.0 , 208.0 , 45.2216758728 , 1 , 1291202143.27
372.0 , 216.0 , 53.0377235413 , 1 , 1291202143.48
378.0 , 204.0 , 44.9110221863 , 1 , 1291202143.69
336.0 , 404.0 , 125.483070374 , 2 , 1291202143.92
378.0 , 204.0 , 46.0434570312 , 1 , 1291202144.13
372.0 , 204.0 , 43.6577606201 , 1 , 1291202144.35
384.0 , 192.0 , 26.9072475433 , 1 , 1291202144.76
378.0 , 200.0 , 38.0131568909 , 1 , 1291202144.98
382.0 , 196.0 , 36.7967376709 , 1 , 1291202145.19
372.0 , 204.0 , 43.8634262085 , 1 , 1291202145.4
380.0 , 202.0 , 43.1740646362 , 1 , 1291202145.61
378.0 , 204.0 , 46.0651702881 , 1 , 1291202145.82
380.0 , 194.0 , 34.1760139465 , 1 , 1291202146.04
378.0 , 202.0 , 44.1021537781 , 1 , 1291202146.25
376.0 , 204.0 , 40.8166618347 , 1 , 1291202146.46
372.0 , 204.0 , 44.0454292297 , 1 , 1291202146.67
372.0 , 202.0 , 42.107006073 , 1 , 1291202146.88
374.0 , 206.0 , 46.3249397278 , 1 , 1291202147.09
372.0 , 206.0 , 46.6904716492 , 1 , 1291202147.31
378.0 , 198.0 , 34.481880188 , 1 , 1291202147.52
380.0 , 200.0 , 41.6773338318 , 1 , 1291202147.73
384.0 , 194.0 , 34.6698722839 , 1 , 1291202147.94
372.0 , 204.0 , 44.0113639832 , 1 , 1291202148.15
374.0 , 202.0 , 42.2965736389 , 1 , 1291202148.36
380.0 , 198.0 , 33.8378486633 , 1 , 1291202148.58
376.0 , 202.0 , 39.0128173828 , 1 , 1291202148.79
376.0 , 196.0 , 36.8781776428 , 1 , 1291202149.0
374.0 , 202.0 , 38.8973007202 , 1 , 1291202149.21
380.0 , 198.0 , 39.6988677979 , 1 , 1291202149.42
368.0 , 212.0 , 53.5350341797 , 1 , 1291202149.64
378.0 , 204.0 , 46.1410865784 , 1 , 1291202149.85
372.0 , 208.0 , 47.634021759 , 1 , 1291202150.06
370.0 , 216.0 , 48.6621017456 , 1 , 1291202150.28
380.0 , 200.0 , 41.7851638794 , 1 , 1291202150.49
372.0 , 212.0 , 49.0917510986 , 1 , 1291202150.91
372.0 , 202.0 , 42.0475921631 , 1 , 1291202151.13
380.0 , 206.0 , 40.8044128418 , 1 , 1291202151.34
378.0 , 194.0 , 34.481880188 , 1 , 1291202151.55
378.0 , 202.0 , 44.294467926 , 1 , 1291202151.96
378.0 , 200.0 , 42.7200202942 , 1 , 1291202152.18
380.0 , 198.0 , 40.2243690491 , 1 , 1291202152.39
376.0 , 204.0 , 41.0121917725 , 1 , 1291202152.6
380.0 , 194.0 , 34.1760139465 , 1 , 1291202152.81
372.0 , 202.0 , 42.2018966675 , 1 , 1291202153.02
374.0 , 206.0 , 46.0108680725 , 1 , 1291202153.24
382.0 , 194.0 , 29.1547603607 , 1 , 1291202153.45
376.0 , 202.0 , 42.7200202942 , 1 , 1291202153.66
376.0 , 204.0 , 44.7772254944 , 1 , 1291202153.87
372.0 , 204.0 , 44.0454292297 , 1 , 1291202154.08
370.0 , 216.0 , 53.8516464233 , 1 , 1291202154.3
372.0 , 206.0 , 46.1735839844 , 1 , 1291202154.51
378.0 , 204.0 , 46.0651702881 , 1 , 1291202154.72
380.0 , 198.0 , 40.0 , 1 , 1291202154.93
378.0 , 200.0 , 42.4381904602 , 1 , 1291202155.14
378.0 , 206.0 , 47.5394554138 , 1 , 1291202155.35
474.0 , 210.0 , 177.910095215 , 2 , 1291202155.59
376.0 , 202.0 , 42.6380119324 , 1 , 1291202155.8
374.0 , 200.0 , 40.8044128418 , 1 , 1291202156.01
376.0 , 202.0 , 42.7200202942 , 1 , 1291202156.22
376.0 , 202.0 , 42.5793380737 , 1 , 1291202156.44
380.0 , 200.0 , 41.7731971741 , 1 , 1291202156.65
374.0 , 208.0 , 45.2769241333 , 1 , 1291202156.86
372.0 , 208.0 , 46.6904716492 , 1 , 1291202157.07
376.0 , 202.0 , 42.7200202942 , 1 , 1291202157.28
378.0 , 204.0 , 46.0434570312 , 1 , 1291202157.49
166.0 , 350.0 , 138.708328247 , 3 , 1291202157.72
372.0 , 206.0 , 45.6070175171 , 1 , 1291202157.94
374.0 , 204.0 , 44.5533370972 , 1 , 1291202158.15
374.0 , 202.0 , 42.7200202942 , 1 , 1291202158.56
372.0 , 208.0 , 47.2969360352 , 1 , 1291202158.77
380.0 , 196.0 , 36.1247825623 , 1 , 1291202158.99
374.0 , 206.0 , 46.5725250244 , 1 , 1291202159.2
372.0 , 210.0 , 48.9183006287 , 1 , 1291202159.41
372.0 , 210.0 , 47.4341659546 , 1 , 1291202159.62
380.0 , 196.0 , 36.2215423584 , 1 , 1291202159.83
378.0 , 202.0 , 44.2831802368 , 1 , 1291202160.05
370.0 , 216.0 , 53.6003723145 , 1 , 1291202160.26
380.0 , 200.0 , 41.8688430786 , 1 , 1291202160.68
380.0 , 200.0 , 41.8807830811 , 1 , 1291202160.92
380.0 , 200.0 , 41.8688430786 , 1 , 1291202161.13
376.0 , 198.0 , 38.8329772949 , 1 , 1291202161.34
380.0 , 196.0 , 36.2215423584 , 1 , 1291202161.55
372.0 , 208.0 , 46.6690483093 , 1 , 1291202161.77
374.0 , 204.0 , 44.1021537781 , 1 , 1291202161.98
380.0 , 198.0 , 38.1182365417 , 1 , 1291202162.39
380.0 , 200.0 , 41.8688430786 , 1 , 1291202162.61
376.0 , 206.0 , 42.8018684387 , 1 , 1291202162.82
378.0 , 200.0 , 40.2616424561 , 1 , 1291202163.03
376.0 , 198.0 , 38.9101524353 , 1 , 1291202163.24
374.0 , 198.0 , 38.9486846924 , 1 , 1291202163.45
380.0 , 192.0 , 32.1403160095 , 1 , 1291202163.66
374.0 , 208.0 , 45.6070175171 , 1 , 1291202163.88
382.0 , 196.0 , 37.2021522522 , 1 , 1291202164.09
372.0 , 204.0 , 44.1814422607 , 1 , 1291202164.3
372.0 , 206.0 , 46.6476135254 , 1 , 1291202164.51
382.0 , 198.0 , 38.9486846924 , 1 , 1291202164.72
380.0 , 202.0 , 43.4165878296 , 1 , 1291202164.93
378.0 , 200.0 , 36.4005508423 , 1 , 1291202165.15
376.0 , 196.0 , 36.7695541382 , 1 , 1291202165.36
380.0 , 204.0 , 39.2045898438 , 1 , 1291202165.57
378.0 , 206.0 , 41.8807830811 , 1 , 1291202165.78
382.0 , 186.0 , 26.0768089294 , 1 , 1291202165.99
384.0 , 190.0 , 30.8868904114 , 1 , 1291202166.22
376.0 , 210.0 , 45.9673805237 , 1 , 1291202166.43
376.0 , 200.0 , 40.8166618347 , 1 , 1291202166.64
380.0 , 202.0 , 37.215587616 , 1 , 1291202166.85
388.0 , 186.0 , 25.3179779053 , 1 , 1291202167.07
378.0 , 200.0 , 36.2353401184 , 1 , 1291202167.28
362.0 , 220.0 , 104.694793701 , 4 , 1291202167.52
118.0 , 378.0 , 100.687637329 , 2 , 1291202167.95
376.0 , 198.0 , 38.6393585205 , 1 , 1291202168.17
372.0 , 218.0 , 54.3783035278 , 1 , 1291202168.38
380.0 , 200.0 , 42.0119018555 , 1 , 1291202168.59
374.0 , 202.0 , 42.5205841064 , 1 , 1291202168.8
376.0 , 202.0 , 42.755115509 , 1 , 1291202169.01
374.0 , 202.0 , 42.2965736389 , 1 , 1291202169.22
372.0 , 202.0 , 42.1900444031 , 1 , 1291202169.43
374.0 , 206.0 , 46.3249397278 , 1 , 1291202169.65
380.0 , 192.0 , 32.1403160095 , 1 , 1291202169.86
376.0 , 200.0 , 41.0 , 1 , 1291202170.07
372.0 , 204.0 , 43.9658966064 , 1 , 1291202170.28
372.0 , 208.0 , 46.6476135254 , 1 , 1291202170.7
372.0 , 210.0 , 47.010635376 , 1 , 1291202170.91
380.0 , 198.0 , 38.1182365417 , 1 , 1291202171.12
74.0 , 446.0 , 48.7647399902 , 4 , 1291202171.37
372.0 , 214.0 , 51.4781494141 , 1 , 1291202171.58
382.0 , 194.0 , 29.4108829498 , 1 , 1291202171.8
376.0 , 212.0 , 47.5184173584 , 1 , 1291202172.01
380.0 , 200.0 , 35.6089859009 , 1 , 1291202172.22
380.0 , 196.0 , 36.1247825623 , 1 , 1291202172.43
378.0 , 200.0 , 36.3455619812 , 1 , 1291202172.64
372.0 , 208.0 , 46.7546806335 , 1 , 1291202172.86
376.0 , 198.0 , 39.0 , 1 , 1291202173.07
382.0 , 196.0 , 37.2021522522 , 1 , 1291202173.28
378.0 , 196.0 , 36.4965744019 , 1 , 1291202173.49
384.0 , 190.0 , 29.4108829498 , 1 , 1291202173.7
378.0 , 200.0 , 36.6196670532 , 1 , 1291202173.91
380.0 , 198.0 , 39.9249305725 , 1 , 1291202174.13
372.0 , 204.0 , 44.0454292297 , 1 , 1291202174.34
378.0 , 198.0 , 38.6005172729 , 1 , 1291202174.55
374.0 , 206.0 , 46.1735839844 , 1 , 1291202174.76
376.0 , 202.0 , 42.7200202942 , 1 , 1291202174.97
374.0 , 208.0 , 45.2769241333 , 1 , 1291202175.18
370.0 , 192.0 , 32.0156211853 , 1 , 1291202175.4
374.0 , 206.0 , 46.4004325867 , 1 , 1291202175.61
380.0 , 200.0 , 35.468296051 , 1 , 1291202175.82
380.0 , 198.0 , 40.3112869263 , 1 , 1291202176.03
380.0 , 188.0 , 28.1602554321 , 1 , 1291202176.24
378.0 , 196.0 , 36.4005508423 , 1 , 1291202176.46
372.0 , 204.0 , 44.0454292297 , 1 , 1291202176.88
380.0 , 196.0 , 36.3455619812 , 1 , 1291202177.09
374.0 , 208.0 , 45.2769241333 , 1 , 1291202177.31
374.0 , 210.0 , 47.010635376 , 1 , 1291202177.52
380.0 , 198.0 , 38.0131568909 , 1 , 1291202177.73
376.0 , 210.0 , 46.1735839844 , 1 , 1291202177.94
374.0 , 206.0 , 46.3249397278 , 1 , 1291202178.16
380.0 , 200.0 , 42.0475921631 , 1 , 1291202178.37
378.0 , 196.0 , 36.3593177795 , 1 , 1291202178.58
380.0 , 198.0 , 34.0 , 1 , 1291202178.79
372.0 , 210.0 , 47.927028656 , 1 , 1291202179.0
380.0 , 202.0 , 43.2666168213 , 1 , 1291202179.42
370.0 , 200.0 , 38.8329772949 , 1 , 1291202179.63
358.0 , 204.0 , 44.294467926 , 1 , 1291202179.84
372.0 , 206.0 , 45.5411911011 , 1 , 1291202180.06
378.0 , 200.0 , 36.2353401184 , 1 , 1291202180.48
378.0 , 200.0 , 44.0454292297 , 1 , 1291202180.69
458.0 , 212.0 , 54.708316803 , 1 , 1291202180.91
374.0 , 206.0 , 42.7200202942 , 1 , 1291202181.32
356.0 , 188.0 , 12.6491107941 , 1 , 1291202181.54
380.0 , 202.0 , 37.215587616 , 1 , 1291202181.75
376.0 , 208.0 , 44.4184646606 , 1 , 1291202181.96
378.0 , 200.0 , 40.3608703613 , 1 , 1291202182.18
380.0 , 200.0 , 35.5105628967 , 1 , 1291202182.39
384.0 , 192.0 , 32.6496543884 , 1 , 1291202182.6
372.0 , 200.0 , 40.1621704102 , 1 , 1291202182.81
380.0 , 196.0 , 36.1386222839 , 1 , 1291202183.02
374.0 , 206.0 , 46.3896522522 , 1 , 1291202183.44
372.0 , 200.0 , 39.8246154785 , 1 , 1291202183.65
380.0 , 196.0 , 36.2353401184 , 1 , 1291202183.86
378.0 , 204.0 , 40.0 , 1 , 1291202184.28
382.0 , 196.0 , 31.1448230743 , 1 , 1291202184.49
378.0 , 198.0 , 38.2753181458 , 1 , 1291202184.71
378.0 , 204.0 , 45.880279541 , 1 , 1291202184.92
380.0 , 202.0 , 37.3363075256 , 1 , 1291202185.34
372.0 , 200.0 , 40.3112869263 , 1 , 1291202185.55
380.0 , 200.0 , 42.0119018555 , 1 , 1291202185.76
376.0 , 200.0 , 37.121421814 , 1 , 1291202185.97
380.0 , 196.0 , 36.1247825623 , 1 , 1291202186.19
376.0 , 198.0 , 38.8973007202 , 1 , 1291202186.4
376.0 , 202.0 , 42.9534645081 , 1 , 1291202186.61
380.0 , 198.0 , 33.97057724 , 1 , 1291202186.82
372.0 , 206.0 , 44.9444084167 , 1 , 1291202187.03
378.0 , 220.0 , 60.1331863403 , 1 , 1291202187.25
372.0 , 208.0 , 47.8016738892 , 1 , 1291202187.46
374.0 , 206.0 , 46.0977210999 , 1 , 1291202187.67
372.0 , 212.0 , 49.0102043152 , 1 , 1291202187.89
378.0 , 200.0 , 36.4005508423 , 1 , 1291202188.31
374.0 , 212.0 , 48.3735466003 , 1 , 1291202188.52
372.0 , 210.0 , 48.6004104614 , 1 , 1291202188.73
382.0 , 200.0 , 40.6078796387 , 1 , 1291202188.94
380.0 , 206.0 , 46.3249397278 , 1 , 1291202189.15
378.0 , 204.0 , 46.0977210999 , 1 , 1291202189.37
380.0 , 198.0 , 38.0525970459 , 1 , 1291202189.58
374.0 , 204.0 , 44.3846817017 , 1 , 1291202189.79
372.0 , 210.0 , 48.9183006287 , 1 , 1291202190.0
374.0 , 206.0 , 46.3896522522 , 1 , 1291202190.22
368.0 , 214.0 , 54.0092582703 , 1 , 1291202190.43
378.0 , 204.0 , 46.0434570312 , 1 , 1291202190.64
376.0 , 208.0 , 44.5533370972 , 1 , 1291202190.85
382.0 , 198.0 , 38.9486846924 , 1 , 1291202191.06
378.0 , 204.0 , 45.880279541 , 1 , 1291202191.28
380.0 , 198.0 , 38.0131568909 , 1 , 1291202191.49
380.0 , 208.0 , 48.1663780212 , 1 , 1291202191.7
374.0 , 204.0 , 44.6878051758 , 1 , 1291202191.91
374.0 , 206.0 , 46.0434570312 , 1 , 1291202192.33
376.0 , 204.0 , 40.8166618347 , 1 , 1291202192.95
198.0 , 308.0 , 125.035995483 , 5 , 1291202193.21
378.0 , 200.0 , 36.4005508423 , 1 , 1291202193.42
374.0 , 206.0 , 46.3249397278 , 1 , 1291202193.63
380.0 , 196.0 , 36.0555114746 , 1 , 1291202193.85
380.0 , 194.0 , 34.1760139465 , 1 , 1291202194.06
372.0 , 202.0 , 42.107006073 , 1 , 1291202194.27
370.0 , 198.0 , 37.5898933411 , 1 , 1291202194.48
380.0 , 198.0 , 38.0788650513 , 1 , 1291202194.69
374.0 , 198.0 , 38.9486846924 , 1 , 1291202195.33
380.0 , 198.0 , 39.9624824524 , 1 , 1291202195.54
374.0 , 204.0 , 40.8044128418 , 1 , 1291202195.75
378.0 , 200.0 , 36.3593177795 , 1 , 1291202195.96
372.0 , 210.0 , 47.5394554138 , 1 , 1291202196.17
374.0 , 208.0 , 48.1663780212 , 1 , 1291202196.38
334.0 , 226.0 , 31.8276615143 , 1 , 1291202196.6
378.0 , 198.0 , 34.5398330688 , 1 , 1291202197.02
382.0 , 194.0 , 29.4278774261 , 1 , 1291202197.23
372.0 , 202.0 , 42.6380119324 , 1 , 1291202197.44
378.0 , 204.0 , 46.0651702881 , 1 , 1291202197.65
376.0 , 202.0 , 42.7200202942 , 1 , 1291202197.86
380.0 , 196.0 , 36.1247825623 , 1 , 1291202198.07
404.0 , 216.0 , 54.4885292053 , 1 , 1291202198.29
380.0 , 198.0 , 33.7342567444 , 1 , 1291202198.5
378.0 , 206.0 , 47.5394554138 , 1 , 1291202198.71
372.0 , 204.0 , 43.3243598938 , 1 , 1291202198.92
378.0 , 200.0 , 36.4005508423 , 1 , 1291202199.14
380.0 , 194.0 , 34.2344856262 , 1 , 1291202199.35
380.0 , 196.0 , 36.2491378784 , 1 , 1291202199.56
370.0 , 210.0 , 48.0832595825 , 1 , 1291202199.77
370.0 , 210.0 , 47.7074432373 , 1 , 1291202199.98
374.0 , 206.0 , 46.0977210999 , 1 , 1291202200.19
374.0 , 206.0 , 46.3896522522 , 1 , 1291202200.4
104.0 , 372.0 , 60.4069519043 , 8 , 1291202200.7
374.0 , 200.0 , 40.7062644958 , 1 , 1291202200.91
372.0 , 200.0 , 40.2492218018 , 1 , 1291202201.12
372.0 , 204.0 , 44.0113639832 , 1 , 1291202201.33
378.0 , 200.0 , 36.2353401184 , 1 , 1291202201.55
374.0 , 206.0 , 46.3249397278 , 1 , 1291202201.76
372.0 , 200.0 , 39.4081192017 , 1 , 1291202201.97
380.0 , 198.0 , 38.0131568909 , 1 , 1291202202.18
374.0 , 208.0 , 48.0 , 1 , 1291202202.39
380.0 , 196.0 , 36.1386222839 , 1 , 1291202202.6
378.0 , 196.0 , 36.4965744019 , 1 , 1291202202.81
374.0 , 206.0 , 42.941822052 , 1 , 1291202203.03
374.0 , 202.0 , 42.4852905273 , 1 , 1291202203.24
376.0 , 210.0 , 46.4865570068 , 1 , 1291202203.45
374.0 , 200.0 , 40.718547821 , 1 , 1291202203.66
360.0 , 204.0 , 44.2718887329 , 1 , 1291202204.04
376.0 , 206.0 , 42.7200202942 , 1 , 1291202204.25
374.0 , 208.0 , 45.7930107117 , 1 , 1291202204.46
378.0 , 200.0 , 36.4005508423 , 1 , 1291202204.67
380.0 , 196.0 , 36.0555114746 , 1 , 1291202204.88
374.0 , 202.0 , 39.0 , 1 , 1291202205.3
380.0 , 202.0 , 43.4165878296 , 1 , 1291202205.51
372.0 , 204.0 , 43.8406219482 , 1 , 1291202205.72
376.0 , 202.0 , 42.7200202942 , 1 , 1291202206.14
374.0 , 212.0 , 48.7031822205 , 1 , 1291202206.55
374.0 , 206.0 , 46.0977210999 , 1 , 1291202206.76
374.0 , 204.0 , 44.1021537781 , 1 , 1291202206.98
380.0 , 202.0 , 37.3630828857 , 1 , 1291202207.19
378.0 , 200.0 , 42.5440940857 , 1 , 1291202207.4
378.0 , 206.0 , 41.7731971741 , 1 , 1291202207.61
374.0 , 204.0 , 44.1814422607 , 1 , 1291202207.82
380.0 , 208.0 , 48.270072937 , 1 , 1291202208.03
374.0 , 206.0 , 46.1735839844 , 1 , 1291202208.24
374.0 , 204.0 , 44.407207489 , 1 , 1291202208.87
378.0 , 194.0 , 34.525352478 , 1 , 1291202209.08
372.0 , 200.0 , 40.1123428345 , 1 , 1291202209.29
374.0 , 208.0 , 45.0444221497 , 1 , 1291202209.51
374.0 , 202.0 , 42.4499702454 , 1 , 1291202209.72
372.0 , 214.0 , 50.9313278198 , 1 , 1291202209.93
344.0 , 210.0 , 43.4165878296 , 1 , 1291202210.14
394.0 , 200.0 , 40.6078796387 , 1 , 1291202210.35
372.0 , 200.0 , 40.2616424561 , 1 , 1291202210.56
372.0 , 196.0 , 36.4005508423 , 1 , 1291202210.78
372.0 , 190.0 , 26.9258232117 , 1 , 1291202210.99
378.0 , 204.0 , 45.6070175171 , 1 , 1291202211.2
378.0 , 200.0 , 36.2353401184 , 1 , 1291202211.62
382.0 , 200.0 , 40.6078796387 , 1 , 1291202211.83
378.0 , 200.0 , 38.0131568909 , 1 , 1291202212.04
374.0 , 210.0 , 46.6904716492 , 1 , 1291202212.25
374.0 , 206.0 , 46.3896522522 , 1 , 1291202212.46
372.0 , 214.0 , 51.6139526367 , 1 , 1291202212.67
378.0 , 200.0 , 36.2353401184 , 1 , 1291202212.88
376.0 , 210.0 , 46.1735839844 , 1 , 1291202213.1
374.0 , 208.0 , 45.2769241333 , 1 , 1291202213.31
380.0 , 198.0 , 39.9624824524 , 1 , 1291202213.52
376.0 , 206.0 , 42.6380119324 , 1 , 1291202213.73
372.0 , 214.0 , 51.6236381531 , 1 , 1291202213.94
380.0 , 200.0 , 41.8688430786 , 1 , 1291202214.16
382.0 , 194.0 , 29.1547603607 , 1 , 1291202214.37
382.0 , 200.0 , 40.3112869263 , 1 , 1291202214.58
382.0 , 194.0 , 33.7342567444 , 1 , 1291202214.8
380.0 , 200.0 , 42.1544761658 , 1 , 1291202215.01
368.0 , 218.0 , 55.9732093811 , 1 , 1291202215.22
370.0 , 214.0 , 53.1507301331 , 1 , 1291202215.43
372.0 , 216.0 , 53.0 , 1 , 1291202215.64
380.0 , 200.0 , 41.8807830811 , 1 , 1291202215.86
374.0 , 204.0 , 41.0 , 1 , 1291202216.07
376.0 , 210.0 , 46.2385139465 , 1 , 1291202216.28
380.0 , 198.0 , 38.0788650513 , 1 , 1291202216.5
378.0 , 204.0 , 46.1410865784 , 1 , 1291202216.71
384.0 , 194.0 , 34.6698722839 , 1 , 1291202216.92
372.0 , 194.0 , 34.481880188 , 1 , 1291202217.13
378.0 , 204.0 , 46.0977210999 , 1 , 1291202217.34
378.0 , 204.0 , 46.0651702881 , 1 , 1291202217.55
384.0 , 194.0 , 34.525352478 , 1 , 1291202217.77
378.0 , 204.0 , 46.0108680725 , 1 , 1291202217.98
380.0 , 196.0 , 36.1247825623 , 1 , 1291202218.2
372.0 , 210.0 , 48.9183006287 , 1 , 1291202218.41
444.0 , 310.0 , 168.428024292 , 7 , 1291202218.68
374.0 , 208.0 , 45.310043335 , 1 , 1291202218.89
374.0 , 200.0 , 40.7921562195 , 1 , 1291202219.31
374.0 , 208.0 , 44.7213592529 , 1 , 1291202219.52
380.0 , 200.0 , 41.7731971741 , 1 , 1291202219.94
372.0 , 200.0 , 40.0249938965 , 1 , 1291202220.15
378.0 , 200.0 , 36.4005508423 , 1 , 1291202220.37
376.0 , 204.0 , 40.8533973694 , 1 , 1291202220.58
378.0 , 202.0 , 44.3846817017 , 1 , 1291202220.82
372.0 , 208.0 , 47.8016738892 , 1 , 1291202221.03
380.0 , 192.0 , 32.1403160095 , 1 , 1291202221.24
372.0 , 202.0 , 42.1544761658 , 1 , 1291202221.46
376.0 , 212.0 , 52.6117858887 , 1 , 1291202221.67
376.0 , 206.0 , 46.6904716492 , 1 , 1291202222.12
324.0 , 58.0 , 122.588745117 , 4 , 1291202222.36
378.0 , 202.0 , 44.5533370972 , 1 , 1291202222.57
374.0 , 200.0 , 40.3112869263 , 1 , 1291202222.78
376.0 , 192.0 , 33.2415390015 , 1 , 1291202223.0
378.0 , 202.0 , 44.4184646606 , 1 , 1291202223.21
378.0 , 202.0 , 44.8218688965 , 1 , 1291202223.42
372.0 , 212.0 , 49.6789703369 , 1 , 1291202223.63
370.0 , 210.0 , 47.5394554138 , 1 , 1291202223.84
372.0 , 210.0 , 48.6004104614 , 1 , 1291202224.06
380.0 , 208.0 , 48.0936584473 , 1 , 1291202224.27
378.0 , 200.0 , 37.6961555481 , 1 , 1291202224.48
382.0 , 196.0 , 36.8917350769 , 1 , 1291202224.69
372.0 , 204.0 , 43.9658966064 , 1 , 1291202224.9
374.0 , 202.0 , 42.5793380737 , 1 , 1291202225.12
374.0 , 204.0 , 44.294467926 , 1 , 1291202225.33
380.0 , 194.0 , 34.1320953369 , 1 , 1291202225.54
380.0 , 198.0 , 40.0 , 1 , 1291202225.75
374.0 , 208.0 , 45.1774291992 , 1 , 1291202226.17
378.0 , 206.0 , 47.7074432373 , 1 , 1291202226.38
374.0 , 204.0 , 44.2718887329 , 1 , 1291202226.59
72.0 , 448.0 , 27.2946872711 , 1 , 1291202227.79
378.0 , 200.0 , 42.4499702454 , 1 , 1291202228.0
374.0 , 204.0 , 44.294467926 , 1 , 1291202228.22
378.0 , 206.0 , 41.6293182373 , 1 , 1291202228.43
372.0 , 208.0 , 47.8852806091 , 1 , 1291202228.64
378.0 , 204.0 , 46.0108680725 , 1 , 1291202228.85
380.0 , 194.0 , 34.2344856262 , 1 , 1291202229.06
412.0 , 410.0 , 178.044937134 , 10 , 1291202229.36
368.0 , 210.0 , 50.1597442627 , 1 , 1291202229.78
372.0 , 204.0 , 43.6806602478 , 1 , 1291202230.2
374.0 , 206.0 , 42.7200202942 , 1 , 1291202230.41
376.0 , 202.0 , 42.7200202942 , 1 , 1291202230.62
380.0 , 198.0 , 40.6078796387 , 1 , 1291202230.83
372.0 , 206.0 , 45.2216758728 , 1 , 1291202231.05
374.0 , 204.0 , 44.3846817017 , 1 , 1291202231.26
374.0 , 204.0 , 44.294467926 , 1 , 1291202231.47
372.0 , 206.0 , 45.6179771423 , 1 , 1291202231.68
376.0 , 212.0 , 52.7730979919 , 1 , 1291202231.9
382.0 , 196.0 , 37.0135116577 , 1 , 1291202232.11
380.0 , 204.0 , 44.8218688965 , 1 , 1291202232.32
384.0 , 194.0 , 34.6698722839 , 1 , 1291202232.54
372.0 , 204.0 , 44.0113639832 , 1 , 1291202232.75
380.0 , 198.0 , 37.9473304749 , 1 , 1291202232.96
380.0 , 206.0 , 46.3249397278 , 1 , 1291202233.17
374.0 , 210.0 , 47.3814315796 , 1 , 1291202233.59
382.0 , 198.0 , 38.9486846924 , 1 , 1291202233.8
382.0 , 196.0 , 37.1079521179 , 1 , 1291202234.01
374.0 , 206.0 , 46.1410865784 , 1 , 1291202234.23
378.0 , 204.0 , 46.0977210999 , 1 , 1291202234.44
380.0 , 198.0 , 38.0131568909 , 1 , 1291202234.65
374.0 , 206.0 , 46.0434570312 , 1 , 1291202234.86
376.0 , 206.0 , 42.7200202942 , 1 , 1291202235.07
378.0 , 192.0 , 32.2490310669 , 1 , 1291202235.29
378.0 , 196.0 , 36.2353401184 , 1 , 1291202235.5
372.0 , 208.0 , 46.615447998 , 1 , 1291202235.71
384.0 , 196.0 , 36.3593177795 , 1 , 1291202235.92
376.0 , 206.0 , 42.6380119324 , 1 , 1291202236.13
370.0 , 208.0 , 46.5725250244 , 1 , 1291202236.35
378.0 , 200.0 , 42.2018966675 , 1 , 1291202236.56
374.0 , 200.0 , 40.4969139099 , 1 , 1291202236.77
380.0 , 196.0 , 36.1247825623 , 1 , 1291202236.98
376.0 , 202.0 , 42.5793380737 , 1 , 1291202237.2
382.0 , 194.0 , 29.1547603607 , 1 , 1291202237.41
372.0 , 210.0 , 47.7074432373 , 1 , 1291202237.62
376.0 , 198.0 , 38.9101524353 , 1 , 1291202237.83
380.0 , 198.0 , 33.8378486633 , 1 , 1291202238.04
380.0 , 194.0 , 34.2344856262 , 1 , 1291202238.46
380.0 , 204.0 , 44.8218688965 , 1 , 1291202238.87
374.0 , 204.0 , 44.4184646606 , 1 , 1291202239.09
378.0 , 202.0 , 44.2040710449 , 1 , 1291202239.31
380.0 , 200.0 , 42.0119018555 , 1 , 1291202239.52
380.0 , 196.0 , 36.2215423584 , 1 , 1291202239.73
384.0 , 198.0 , 38.0788650513 , 1 , 1291202239.94
370.0 , 210.0 , 47.8016738892 , 1 , 1291202240.15
374.0 , 206.0 , 42.755115509 , 1 , 1291202240.37
374.0 , 206.0 , 46.3896522522 , 1 , 1291202240.58
378.0 , 198.0 , 38.3275375366 , 1 , 1291202240.79
372.0 , 204.0 , 44.0454292297 , 1 , 1291202241.0
378.0 , 200.0 , 36.6196670532 , 1 , 1291202241.21
378.0 , 204.0 , 46.0434570312 , 1 , 1291202241.42
372.0 , 196.0 , 36.4005508423 , 1 , 1291202241.85
372.0 , 208.0 , 47.4236221313 , 1 , 1291202242.06
372.0 , 206.0 , 45.2216758728 , 1 , 1291202242.27
380.0 , 196.0 , 36.1247825623 , 1 , 1291202242.49
378.0 , 200.0 , 36.2353401184 , 1 , 1291202242.7
376.0 , 194.0 , 34.7850532532 , 1 , 1291202242.92
372.0 , 212.0 , 48.8773994446 , 1 , 1291202243.13
374.0 , 206.0 , 46.5188140869 , 1 , 1291202243.34
374.0 , 202.0 , 42.4381904602 , 1 , 1291202243.55
374.0 , 198.0 , 38.6393585205 , 1 , 1291202243.77
372.0 , 198.0 , 37.8549880981 , 1 , 1291202243.98
374.0 , 206.0 , 46.1735839844 , 1 , 1291202244.19
366.0 , 214.0 , 54.8178787231 , 1 , 1291202244.41
372.0 , 212.0 , 48.8773994446 , 1 , 1291202244.62
380.0 , 196.0 , 36.1386222839 , 1 , 1291202244.83
380.0 , 206.0 , 46.1735839844 , 1 , 1291202245.04
380.0 , 200.0 , 41.7731971741 , 1 , 1291202245.26
378.0 , 202.0 , 38.0788650513 , 1 , 1291202245.47
372.0 , 208.0 , 46.615447998 , 1 , 1291202245.68
378.0 , 204.0 , 46.0651702881 , 1 , 1291202245.9
380.0 , 198.0 , 40.3608703613 , 1 , 1291202246.11
374.0 , 208.0 , 45.3431358337 , 1 , 1291202246.32
380.0 , 200.0 , 35.468296051 , 1 , 1291202246.54
380.0 , 202.0 , 37.3363075256 , 1 , 1291202246.75
372.0 , 204.0 , 43.8406219482 , 1 , 1291202246.96
374.0 , 206.0 , 46.1735839844 , 1 , 1291202247.18
384.0 , 198.0 , 38.1182365417 , 1 , 1291202247.39
386.0 , 188.0 , 28.4429244995 , 1 , 1291202247.6
374.0 , 206.0 , 46.3249397278 , 1 , 1291202247.81
376.0 , 208.0 , 44.407207489 , 1 , 1291202248.03
380.0 , 198.0 , 40.2243690491 , 1 , 1291202248.24
380.0 , 198.0 , 40.4969139099 , 1 , 1291202248.45
372.0 , 206.0 , 46.6904716492 , 1 , 1291202248.67
374.0 , 206.0 , 43.4626274109 , 1 , 1291202248.88
376.0 , 204.0 , 40.8533973694 , 1 , 1291202249.1
378.0 , 204.0 , 46.0108680725 , 1 , 1291202249.32
372.0 , 204.0 , 43.8634262085 , 1 , 1291202249.53
384.0 , 190.0 , 30.8058433533 , 1 , 1291202249.74
378.0 , 200.0 , 38.0131568909 , 1 , 1291202249.96
374.0 , 200.0 , 40.7921562195 , 1 , 1291202250.17
372.0 , 212.0 , 50.2493782043 , 1 , 1291202250.38
372.0 , 206.0 , 45.2216758728 , 1 , 1291202250.6
374.0 , 208.0 , 45.2769241333 , 1 , 1291202250.81
380.0 , 200.0 , 41.7731971741 , 1 , 1291202251.02
380.0 , 198.0 , 40.4598579407 , 1 , 1291202251.24
402.0 , 208.0 , 46.0977210999 , 1 , 1291202251.45
380.0 , 200.0 , 35.468296051 , 1 , 1291202252.08
378.0 , 200.0 , 42.5440940857 , 1 , 1291202252.3
380.0 , 204.0 , 39.0512466431 , 1 , 1291202252.51
376.0 , 202.0 , 42.7200202942 , 1 , 1291202252.72
380.0 , 202.0 , 43.1856460571 , 1 , 1291202252.94
382.0 , 196.0 , 37.2021522522 , 1 , 1291202253.15
378.0 , 204.0 , 46.0977210999 , 1 , 1291202253.36
372.0 , 206.0 , 45.188495636 , 1 , 1291202253.58
380.0 , 196.0 , 36.0555114746 , 1 , 1291202253.79
374.0 , 206.0 , 46.3896522522 , 1 , 1291202254.0
372.0 , 210.0 , 47.634021759 , 1 , 1291202254.22
372.0 , 206.0 , 45.2216758728 , 1 , 1291202255.62
380.0 , 196.0 , 36.1247825623 , 1 , 1291202255.83
374.0 , 204.0 , 44.2831802368 , 1 , 1291202256.04
370.0 , 202.0 , 41.6773338318 , 1 , 1291202256.26
374.0 , 206.0 , 46.3896522522 , 1 , 1291202256.47
372.0 , 206.0 , 45.6179771423 , 1 , 1291202256.68
380.0 , 202.0 , 37.4432907104 , 1 , 1291202256.9
378.0 , 204.0 , 45.9673805237 , 1 , 1291202257.11
374.0 , 194.0 , 35.0 , 1 , 1291202257.32
378.0 , 200.0 , 36.4005508423 , 1 , 1291202257.54
380.0 , 198.0 , 39.8497161865 , 1 , 1291202257.75
372.0 , 196.0 , 36.4965744019 , 1 , 1291202257.96
380.0 , 196.0 , 36.2215423584 , 1 , 1291202258.18
376.0 , 202.0 , 42.5440940857 , 1 , 1291202258.39
376.0 , 206.0 , 42.8018684387 , 1 , 1291202258.81
374.0 , 204.0 , 41.0 , 1 , 1291202259.03
380.0 , 196.0 , 36.1247825623 , 1 , 1291202259.24
374.0 , 208.0 , 48.1040534973 , 1 , 1291202259.45
324.0 , 196.0 , 36.7695541382 , 1 , 1291202259.68
370.0 , 200.0 , 40.6078796387 , 1 , 1291202259.89
376.0 , 208.0 , 44.5533370972 , 1 , 1291202260.11
390.0 , 200.0 , 26.0192241669 , 1 , 1291202260.54
378.0 , 204.0 , 45.9673805237 , 1 , 1291202260.75
378.0 , 200.0 , 36.2353401184 , 1 , 1291202260.97
382.0 , 198.0 , 38.8329772949 , 1 , 1291202261.18
372.0 , 200.0 , 40.2492218018 , 1 , 1291202261.39
374.0 , 206.0 , 42.941822052 , 1 , 1291202261.61
378.0 , 198.0 , 38.3275375366 , 1 , 1291202262.03
374.0 , 206.0 , 46.0108680725 , 1 , 1291202262.24
374.0 , 208.0 , 48.0832595825 , 1 , 1291202262.45
378.0 , 194.0 , 34.2344856262 , 1 , 1291202262.67
378.0 , 200.0 , 36.2215423584 , 1 , 1291202262.88
374.0 , 214.0 , 52.3450088501 , 1 , 1291202263.32
370.0 , 210.0 , 48.3321838379 , 1 , 1291202263.53
374.0 , 206.0 , 46.0977210999 , 1 , 1291202263.74
372.0 , 212.0 , 48.8364601135 , 1 , 1291202263.96
380.0 , 196.0 , 36.2491378784 , 1 , 1291202264.17
378.0 , 202.0 , 44.2831802368 , 1 , 1291202264.38
380.0 , 198.0 , 40.2243690491 , 1 , 1291202264.65
384.0 , 194.0 , 34.7131080627 , 1 , 1291202264.86
374.0 , 208.0 , 45.2769241333 , 1 , 1291202265.08
382.0 , 196.0 , 37.2021522522 , 1 , 1291202265.29
378.0 , 204.0 , 40.3112869263 , 1 , 1291202265.5
372.0 , 208.0 , 48.1663780212 , 1 , 1291202265.72
376.0 , 196.0 , 37.1079521179 , 1 , 1291202265.93
384.0 , 188.0 , 31.1448230743 , 1 , 1291202266.14
374.0 , 208.0 , 44.7772254944 , 1 , 1291202266.35
384.0 , 190.0 , 31.1448230743 , 1 , 1291202266.57
374.0 , 210.0 , 47.2016944885 , 1 , 1291202266.78
378.0 , 204.0 , 46.1410865784 , 1 , 1291202267.0
372.0 , 196.0 , 36.1386222839 , 1 , 1291202267.21
372.0 , 206.0 , 46.6904716492 , 1 , 1291202267.42
374.0 , 206.0 , 46.3249397278 , 1 , 1291202267.64
372.0 , 210.0 , 47.8016738892 , 1 , 1291202267.85
378.0 , 204.0 , 45.9673805237 , 1 , 1291202268.27
374.0 , 206.0 , 46.1735839844 , 1 , 1291202268.48
382.0 , 196.0 , 31.2569999695 , 1 , 1291202268.7
2.0 , 268.0 , 188.321533203 , 7 , 1291202268.96
372.0 , 206.0 , 45.2216758728 , 1 , 1291202269.17
376.0 , 200.0 , 40.8044128418 , 1 , 1291202269.38
372.0 , 204.0 , 44.1814422607 , 1 , 1291202269.6
372.0 , 204.0 , 44.0113639832 , 1 , 1291202269.81
374.0 , 200.0 , 40.7062644958 , 1 , 1291202270.02
378.0 , 192.0 , 32.5576400757 , 1 , 1291202270.24
374.0 , 206.0 , 46.270942688 , 1 , 1291202270.45
374.0 , 204.0 , 44.4184646606 , 1 , 1291202270.66
380.0 , 198.0 , 40.6078796387 , 1 , 1291202270.88
380.0 , 206.0 , 46.270942688 , 1 , 1291202271.09
374.0 , 204.0 , 44.4184646606 , 1 , 1291202271.3
376.0 , 202.0 , 42.7200202942 , 1 , 1291202271.52
368.0 , 322.0 , 113.569358826 , 9 , 1291202271.81
374.0 , 206.0 , 46.0977210999 , 1 , 1291202272.03
378.0 , 204.0 , 46.0108680725 , 1 , 1291202272.24
380.0 , 202.0 , 37.3630828857 , 1 , 1291202272.46
376.0 , 204.0 , 40.8533973694 , 1 , 1291202272.67
380.0 , 200.0 , 35.6089859009 , 1 , 1291202272.88
372.0 , 206.0 , 46.6904716492 , 1 , 1291202273.1
376.0 , 210.0 , 46.4865570068 , 1 , 1291202273.31
378.0 , 204.0 , 46.0651702881 , 2 , 1291202273.54
380.0 , 200.0 , 41.8688430786 , 1 , 1291202273.75
380.0 , 194.0 , 34.1320953369 , 1 , 1291202273.97
372.0 , 206.0 , 46.6904716492 , 1 , 1291202274.18
372.0 , 206.0 , 45.2769241333 , 1 , 1291202274.39
374.0 , 208.0 , 48.1663780212 , 1 , 1291202274.61
372.0 , 210.0 , 49.0407981873 , 1 , 1291202274.82
370.0 , 214.0 , 52.2015342712 , 1 , 1291202275.03
374.0 , 206.0 , 46.3249397278 , 1 , 1291202275.25
380.0 , 198.0 , 38.0131568909 , 1 , 1291202275.46
372.0 , 204.0 , 43.7378540039 , 1 , 1291202275.68
222.0 , 338.0 , 140.035705566 , 6 , 1291202275.93
374.0 , 206.0 , 46.270942688 , 1 , 1291202276.14
380.0 , 198.0 , 40.2243690491 , 1 , 1291202276.36
374.0 , 208.0 , 48.0 , 1 , 1291202276.57
382.0 , 196.0 , 37.2021522522 , 1 , 1291202276.79
378.0 , 200.0 , 42.5440940857 , 1 , 1291202277.0
374.0 , 202.0 , 42.5440940857 , 1 , 1291202277.21
372.0 , 204.0 , 44.1021537781 , 1 , 1291202277.43
372.0 , 210.0 , 47.265209198 , 1 , 1291202277.64
370.0 , 194.0 , 34.0587730408 , 1 , 1291202277.86
376.0 , 204.0 , 40.8044128418 , 1 , 1291202278.07
372.0 , 206.0 , 45.6508483887 , 1 , 1291202278.28
382.0 , 194.0 , 29.1547603607 , 1 , 1291202278.5
380.0 , 198.0 , 38.0 , 1 , 1291202278.71
378.0 , 200.0 , 36.3593177795 , 1 , 1291202278.92
374.0 , 206.0 , 46.0977210999 , 1 , 1291202279.35
382.0 , 196.0 , 37.1079521179 , 1 , 1291202279.56
380.0 , 204.0 , 39.0512466431 , 1 , 1291202279.78
376.0 , 192.0 , 32.6496543884 , 1 , 1291202280.2
424.0 , 222.0 , 52.3545608521 , 1 , 1291202280.43
376.0 , 202.0 , 42.4264068604 , 1 , 1291202280.64
372.0 , 204.0 , 44.0113639832 , 1 , 1291202280.88
372.0 , 206.0 , 45.4532737732 , 1 , 1291202281.09
374.0 , 202.0 , 42.5440940857 , 1 , 1291202281.31
368.0 , 214.0 , 53.2353248596 , 1 , 1291202281.52
372.0 , 208.0 , 48.0104141235 , 1 , 1291202281.74
380.0 , 198.0 , 40.4969139099 , 1 , 1291202281.95
378.0 , 200.0 , 42.5205841064 , 1 , 1291202282.16
376.0 , 210.0 , 46.3249397278 , 1 , 1291202282.38
376.0 , 202.0 , 39.0 , 1 , 1291202282.59
380.0 , 198.0 , 40.2243690491 , 1 , 1291202282.8
378.0 , 206.0 , 47.5078926086 , 1 , 1291202283.01
372.0 , 204.0 , 44.1814422607 , 1 , 1291202283.23
384.0 , 192.0 , 32.6496543884 , 1 , 1291202283.44
378.0 , 200.0 , 42.8018684387 , 1 , 1291202283.65
380.0 , 200.0 , 41.7851638794 , 1 , 1291202283.86
378.0 , 204.0 , 46.0651702881 , 1 , 1291202284.07
378.0 , 196.0 , 36.3455619812 , 1 , 1291202284.28
374.0 , 206.0 , 46.1735839844 , 1 , 1291202284.49
378.0 , 204.0 , 45.9673805237 , 1 , 1291202284.71
346.0 , 220.0 , 60.2079734802 , 1 , 1291202284.93
384.0 , 188.0 , 29.1547603607 , 1 , 1291202285.15
376.0 , 206.0 , 42.5440940857 , 1 , 1291202285.77
372.0 , 204.0 , 44.0454292297 , 1 , 1291202285.99
372.0 , 204.0 , 43.2666168213 , 1 , 1291202286.4
374.0 , 206.0 , 42.7200202942 , 1 , 1291202286.62
378.0 , 200.0 , 36.3593177795 , 1 , 1291202286.83
374.0 , 206.0 , 42.7200202942 , 1 , 1291202287.04
376.0 , 202.0 , 38.9101524353 , 1 , 1291202287.25
376.0 , 192.0 , 40.8533973694 , 1 , 1291202287.46
374.0 , 206.0 , 46.3249397278 , 1 , 1291202287.67
374.0 , 204.0 , 44.4184646606 , 1 , 1291202288.09
376.0 , 208.0 , 44.5533370972 , 1 , 1291202288.31
372.0 , 210.0 , 47.5394554138 , 1 , 1291202288.52
374.0 , 202.0 , 42.7200202942 , 1 , 1291202288.73
374.0 , 206.0 , 46.5295600891 , 1 , 1291202288.94
50.0 , 406.0 , 103.324729919 , 4 , 1291202289.18
376.0 , 194.0 , 31.0644493103 , 1 , 1291202289.39
378.0 , 200.0 , 42.7200202942 , 1 , 1291202289.6
388.0 , 186.0 , 26.3058929443 , 1 , 1291202289.82
380.0 , 202.0 , 43.4165878296 , 1 , 1291202290.03
380.0 , 196.0 , 36.0693778992 , 1 , 1291202290.25
374.0 , 206.0 , 42.7200202942 , 1 , 1291202290.46
388.0 , 190.0 , 29.0688838959 , 1 , 1291202290.67
372.0 , 202.0 , 42.0475921631 , 1 , 1291202290.88
372.0 , 210.0 , 47.010635376 , 1 , 1291202291.1
372.0 , 214.0 , 50.9215087891 , 1 , 1291202291.31
380.0 , 198.0 , 39.9624824524 , 1 , 1291202291.52
372.0 , 196.0 , 36.4005508423 , 1 , 1291202291.74
372.0 , 204.0 , 43.8634262085 , 1 , 1291202291.95
374.0 , 204.0 , 44.1021537781 , 1 , 1291202292.16
378.0 , 204.0 , 46.0977210999 , 1 , 1291202292.37
378.0 , 200.0 , 40.3112869263 , 1 , 1291202292.59
374.0 , 206.0 , 46.3896522522 , 1 , 1291202292.8
374.0 , 208.0 , 45.0 , 1 , 1291202293.01
378.0 , 198.0 , 38.3275375366 , 1 , 1291202293.22
376.0 , 200.0 , 40.7921562195 , 1 , 1291202293.44
374.0 , 208.0 , 48.1040534973 , 1 , 1291202293.65
376.0 , 196.0 , 37.0 , 1 , 1291202293.87
228.0 , 324.0 , 169.838165283 , 16 , 1291202294.33
376.0 , 206.0 , 42.7200202942 , 1 , 1291202294.55
376.0 , 198.0 , 38.8329772949 , 1 , 1291202294.76
378.0 , 204.0 , 46.0434570312 , 1 , 1291202294.97
164.0 , 346.0 , 133.154052734 , 5 , 1291202295.23
372.0 , 210.0 , 48.9183006287 , 1 , 1291202295.44
380.0 , 196.0 , 36.2215423584 , 1 , 1291202295.65
378.0 , 202.0 , 38.2753181458 , 1 , 1291202295.91
370.0 , 210.0 , 46.0651702881 , 1 , 1291202296.12
372.0 , 202.0 , 41.7731971741 , 1 , 1291202296.34
380.0 , 190.0 , 30.2654914856 , 1 , 1291202296.55
376.0 , 202.0 , 42.7200202942 , 1 , 1291202296.76
374.0 , 212.0 , 48.7647399902 , 1 , 1291202296.97
374.0 , 202.0 , 42.4264068604 , 1 , 1291202297.19
382.0 , 196.0 , 37.4833297729 , 1 , 1291202298.34
374.0 , 206.0 , 46.1410865784 , 1 , 1291202298.55
372.0 , 210.0 , 49.5176734924 , 1 , 1291202298.77
380.0 , 196.0 , 36.0555114746 , 1 , 1291202298.98
378.0 , 204.0 , 46.0108680725 , 1 , 1291202299.19
372.0 , 212.0 , 48.8773994446 , 1 , 1291202299.4
372.0 , 210.0 , 49.0407981873 , 1 , 1291202299.62
380.0 , 202.0 , 43.2666168213 , 1 , 1291202299.83
380.0 , 196.0 , 36.2215423584 , 1 , 1291202300.04
374.0 , 200.0 , 40.4474983215 , 1 , 1291202300.25
370.0 , 200.0 , 39.2173423767 , 1 , 1291202300.47
372.0 , 200.0 , 40.0124969482 , 1 , 1291202300.68
374.0 , 206.0 , 42.5793380737 , 1 , 1291202300.89
370.0 , 204.0 , 42.7200202942 , 1 , 1291202301.1
376.0 , 202.0 , 39.0 , 1 , 1291202301.32
374.0 , 208.0 , 48.2597122192 , 1 , 1291202301.53
370.0 , 210.0 , 47.8016738892 , 1 , 1291202301.74
620.0 , 246.0 , 171.405944824 , 12 , 1291202302.3
378.0 , 200.0 , 42.2018966675 , 1 , 1291202302.52
374.0 , 206.0 , 46.4865570068 , 1 , 1291202302.73
388.0 , 192.0 , 31.0161247253 , 1 , 1291202302.95
378.0 , 204.0 , 45.880279541 , 1 , 1291202303.16
378.0 , 204.0 , 46.1410865784 , 1 , 1291202303.37
372.0 , 206.0 , 45.880279541 , 1 , 1291202303.59
384.0 , 194.0 , 34.8281478882 , 1 , 1291202303.8
372.0 , 210.0 , 47.8016738892 , 1 , 1291202304.02
376.0 , 200.0 , 41.0 , 1 , 1291202304.23
376.0 , 200.0 , 40.7921562195 , 1 , 1291202304.44
374.0 , 204.0 , 44.0454292297 , 1 , 1291202304.65
380.0 , 196.0 , 36.1386222839 , 1 , 1291202304.87
380.0 , 200.0 , 42.0475921631 , 1 , 1291202305.08
378.0 , 202.0 , 44.294467926 , 1 , 1291202305.29
370.0 , 210.0 , 47.7074432373 , 1 , 1291202305.51
374.0 , 196.0 , 37.4432907104 , 1 , 1291202305.72
374.0 , 208.0 , 45.2769241333 , 1 , 1291202305.93
376.0 , 208.0 , 44.407207489 , 1 , 1291202306.15
372.0 , 214.0 , 50.8035430908 , 1 , 1291202306.36
374.0 , 206.0 , 46.1735839844 , 1 , 1291202306.57
374.0 , 204.0 , 44.3846817017 , 1 , 1291202306.78
372.0 , 196.0 , 36.2353401184 , 1 , 1291202307.0
372.0 , 206.0 , 45.2216758728 , 1 , 1291202307.21
372.0 , 210.0 , 48.8364601135 , 1 , 1291202307.42
376.0 , 210.0 , 46.2276954651 , 1 , 1291202307.63
374.0 , 202.0 , 42.5440940857 , 1 , 1291202307.85
374.0 , 208.0 , 45.3431358337 , 1 , 1291202308.06
382.0 , 194.0 , 33.8378486633 , 1 , 1291202308.27
374.0 , 206.0 , 46.270942688 , 1 , 1291202308.49
338.0 , 310.0 , 152.712142944 , 2 , 1291202308.7
374.0 , 206.0 , 46.0977210999 , 1 , 1291202308.91
376.0 , 202.0 , 38.9486846924 , 1 , 1291202309.13
384.0 , 194.0 , 34.7131080627 , 1 , 1291202309.34
380.0 , 200.0 , 41.7731971741 , 1 , 1291202309.55
374.0 , 204.0 , 44.4184646606 , 1 , 1291202309.77
368.0 , 214.0 , 51.2445106506 , 1 , 1291202310.19
380.0 , 204.0 , 45.0 , 1 , 1291202310.4
382.0 , 196.0 , 31.3049526215 , 1 , 1291202310.61
380.0 , 202.0 , 43.4165878296 , 1 , 1291202310.82
372.0 , 204.0 , 44.147480011 , 1 , 1291202311.24
380.0 , 198.0 , 40.3112869263 , 1 , 1291202311.66
376.0 , 204.0 , 40.718547821 , 1 , 1291202311.87
376.0 , 206.0 , 42.6380119324 , 1 , 1291202312.08
376.0 , 202.0 , 42.6380119324 , 1 , 1291202312.5
378.0 , 200.0 , 42.4499702454 , 1 , 1291202312.71
378.0 , 204.0 , 45.880279541 , 1 , 1291202312.93
372.0 , 204.0 , 44.0113639832 , 1 , 1291202313.14
372.0 , 200.0 , 40.1995010376 , 1 , 1291202313.35
380.0 , 198.0 , 39.9624824524 , 1 , 1291202313.56
380.0 , 196.0 , 36.2215423584 , 1 , 1291202313.78
370.0 , 212.0 , 49.6588363647 , 1 , 1291202313.99
380.0 , 200.0 , 41.7851638794 , 1 , 1291202314.2
348.0 , 230.0 , 69.8927764893 , 1 , 1291202314.41
372.0 , 204.0 , 44.0113639832 , 1 , 1291202314.63
380.0 , 202.0 , 42.2965736389 , 1 , 1291202314.84
370.0 , 210.0 , 50.2095603943 , 1 , 1291202315.05
380.0 , 198.0 , 38.0131568909 , 1 , 1291202315.27
376.0 , 202.0 , 42.7200202942 , 1 , 1291202315.48
382.0 , 194.0 , 33.9558525085 , 1 , 1291202315.69
372.0 , 198.0 , 38.1182365417 , 1 , 1291202315.91
374.0 , 212.0 , 48.7031822205 , 1 , 1291202316.12
374.0 , 206.0 , 42.755115509 , 1 , 1291202316.54
384.0 , 192.0 , 32.7566795349 , 1 , 1291202316.75
378.0 , 200.0 , 42.5440940857 , 1 , 1291202316.96
370.0 , 208.0 , 46.0977210999 , 1 , 1291202317.18
386.0 , 196.0 , 35.0142822266 , 1 , 1291202317.39
370.0 , 182.0 , 22.4722042084 , 1 , 1291202317.6
378.0 , 202.0 , 44.2831802368 , 1 , 1291202317.81
374.0 , 202.0 , 42.5793380737 , 1 , 1291202318.03
372.0 , 214.0 , 51.6139526367 , 1 , 1291202318.24
376.0 , 204.0 , 40.7921562195 , 1 , 1291202318.45
372.0 , 208.0 , 48.0104141235 , 1 , 1291202318.66
376.0 , 202.0 , 42.7200202942 , 1 , 1291202318.87
380.0 , 200.0 , 35.6931381226 , 1 , 1291202319.09
380.0 , 200.0 , 42.1544761658 , 1 , 1291202319.31
374.0 , 204.0 , 44.3846817017 , 1 , 1291202319.72
380.0 , 198.0 , 38.2099456787 , 1 , 1291202319.94
374.0 , 210.0 , 46.6904716492 , 1 , 1291202320.15
372.0 , 216.0 , 53.0377235413 , 1 , 1291202320.36
380.0 , 204.0 , 44.5982055664 , 1 , 1291202320.58
372.0 , 210.0 , 47.8852806091 , 1 , 1291202320.79
376.0 , 206.0 , 46.270942688 , 1 , 1291202321.0
374.0 , 200.0 , 40.718547821 , 1 , 1291202321.22
328.0 , 206.0 , 42.5793380737 , 1 , 1291202321.43
380.0 , 212.0 , 50.6063232422 , 1 , 1291202321.64
378.0 , 196.0 , 36.4005508423 , 1 , 1291202321.86
378.0 , 194.0 , 34.481880188 , 1 , 1291202322.07
372.0 , 210.0 , 47.6759910583 , 1 , 1291202322.49
380.0 , 192.0 , 32.0156211853 , 1 , 1291202322.7
368.0 , 212.0 , 51.8555679321 , 1 , 1291202322.92
376.0 , 212.0 , 43.4165878296 , 1 , 1291202323.13
376.0 , 208.0 , 44.5982055664 , 1 , 1291202323.34
380.0 , 186.0 , 26.4007568359 , 1 , 1291202323.56
374.0 , 204.0 , 44.407207489 , 1 , 1291202323.77
372.0 , 212.0 , 49.0102043152 , 1 , 1291202323.98
374.0 , 206.0 , 42.755115509 , 1 , 1291202324.2
384.0 , 194.0 , 34.985710144 , 1 , 1291202324.41
378.0 , 204.0 , 40.1123428345 , 1 , 1291202324.62
380.0 , 198.0 , 38.0 , 1 , 1291202324.84
378.0 , 200.0 , 36.3593177795 , 1 , 1291202325.05
376.0 , 202.0 , 38.8329772949 , 1 , 1291202325.26
380.0 , 196.0 , 36.1386222839 , 1 , 1291202325.48
380.0 , 198.0 , 33.5410194397 , 1 , 1291202325.69
374.0 , 206.0 , 46.0108680725 , 1 , 1291202325.9
380.0 , 198.0 , 38.0788650513 , 1 , 1291202326.12
374.0 , 206.0 , 46.0977210999 , 1 , 1291202326.33
378.0 , 200.0 , 36.2353401184 , 1 , 1291202326.54
372.0 , 208.0 , 48.0104141235 , 1 , 1291202326.75
378.0 , 200.0 , 42.1900444031 , 1 , 1291202326.97
376.0 , 204.0 , 40.7921562195 , 1 , 1291202327.18
380.0 , 194.0 , 34.1760139465 , 1 , 1291202327.39
374.0 , 206.0 , 46.2385139465 , 1 , 1291202327.61
378.0 , 202.0 , 38.1182365417 , 1 , 1291202327.82
380.0 , 202.0 , 43.1856460571 , 1 , 1291202328.04
378.0 , 206.0 , 47.7074432373 , 1 , 1291202328.46
374.0 , 206.0 , 46.3896522522 , 1 , 1291202328.67
380.0 , 196.0 , 36.1247825623 , 1 , 1291202328.89
262.0 , 202.0 , 42.0119018555 , 1 , 1291202329.1
372.0 , 200.0 , 40.1123428345 , 1 , 1291202329.32
372.0 , 204.0 , 43.6806602478 , 1 , 1291202329.53
384.0 , 192.0 , 33.1209907532 , 1 , 1291202329.74
382.0 , 194.0 , 33.9558525085 , 1 , 1291202329.96
378.0 , 202.0 , 44.4184646606 , 1 , 1291202330.17
376.0 , 208.0 , 44.6878051758 , 1 , 1291202330.39
380.0 , 200.0 , 41.7731971741 , 1 , 1291202330.6
372.0 , 200.0 , 40.2492218018 , 1 , 1291202330.81
378.0 , 200.0 , 43.0116271973 , 1 , 1291202331.02
374.0 , 206.0 , 46.0977210999 , 1 , 1291202331.24
380.0 , 198.0 , 40.0 , 1 , 1291202331.45
378.0 , 198.0 , 38.3275375366 , 1 , 1291202331.66
380.0 , 188.0 , 28.1780052185 , 1 , 1291202331.88
374.0 , 210.0 , 47.2016944885 , 1 , 1291202332.09
374.0 , 204.0 , 44.407207489 , 1 , 1291202332.51
382.0 , 196.0 , 37.6430587769 , 1 , 1291202332.94
382.0 , 196.0 , 36.7695541382 , 1 , 1291202333.15
372.0 , 208.0 , 46.0977210999 , 1 , 1291202333.37
378.0 , 214.0 , 32.1403160095 , 1 , 1291202333.59
370.0 , 204.0 , 42.4852905273 , 1 , 1291202333.81
374.0 , 204.0 , 44.4184646606 , 1 , 1291202334.02
376.0 , 204.0 , 44.5533370972 , 1 , 1291202334.24
372.0 , 208.0 , 46.6476135254 , 1 , 1291202334.45
368.0 , 206.0 , 43.93176651 , 1 , 1291202334.66
372.0 , 206.0 , 45.6508483887 , 1 , 1291202334.88
380.0 , 202.0 , 43.3820228577 , 2 , 1291202335.31
374.0 , 208.0 , 48.0936584473 , 1 , 1291202335.52
380.0 , 198.0 , 38.0131568909 , 1 , 1291202335.94
372.0 , 210.0 , 49.2442893982 , 1 , 1291202336.16
390.0 , 124.0 , 129.003875732 , 4 , 1291202336.39
374.0 , 206.0 , 46.0977210999 , 1 , 1291202336.61
384.0 , 190.0 , 29.4108829498 , 1 , 1291202336.82
378.0 , 204.0 , 46.0108680725 , 1 , 1291202337.03
372.0 , 204.0 , 43.8634262085 , 1 , 1291202337.24
380.0 , 192.0 , 32.0624389648 , 1 , 1291202337.46
374.0 , 204.0 , 44.2831802368 , 1 , 1291202337.67
376.0 , 210.0 , 46.1735839844 , 1 , 1291202337.88
380.0 , 194.0 , 38.2883796692 , 1 , 1291202338.1
374.0 , 206.0 , 46.1410865784 , 1 , 1291202338.52
506.0 , 200.0 , 36.6742401123 , 1 , 1291202338.73
380.0 , 196.0 , 36.1247825623 , 1 , 1291202338.94
370.0 , 208.0 , 45.0998878479 , 1 , 1291202339.16
374.0 , 202.0 , 42.5793380737 , 1 , 1291202339.37
376.0 , 208.0 , 44.5982055664 , 1 , 1291202339.58
370.0 , 208.0 , 45.3982391357 , 1 , 1291202339.8
374.0 , 208.0 , 45.2769241333 , 1 , 1291202340.01
372.0 , 212.0 , 50.2195167542 , 1 , 1291202340.22
380.0 , 198.0 , 40.0 , 1 , 1291202340.44
378.0 , 200.0 , 43.0116271973 , 1 , 1291202343.16
372.0 , 206.0 , 45.2216758728 , 1 , 1291202343.58
372.0 , 206.0 , 45.2216758728 , 1 , 1291202343.79
378.0 , 196.0 , 36.4965744019 , 1 , 1291202344.0
376.0 , 208.0 , 44.5533370972 , 1 , 1291202344.22
376.0 , 206.0 , 42.7200202942 , 1 , 1291202344.43
374.0 , 210.0 , 46.5295600891 , 1 , 1291202344.64
378.0 , 202.0 , 44.294467926 , 1 , 1291202345.06
376.0 , 212.0 , 47.7598152161 , 1 , 1291202345.48
372.0 , 208.0 , 45.8911743164 , 1 , 1291202345.7
372.0 , 204.0 , 43.908996582 , 1 , 1291202345.91
384.0 , 192.0 , 32.6496543884 , 1 , 1291202346.12
372.0 , 204.0 , 43.0813179016 , 1 , 1291202346.34
372.0 , 210.0 , 48.7647399902 , 1 , 1291202346.79
384.0 , 192.0 , 32.7566795349 , 1 , 1291202347.0
384.0 , 188.0 , 27.6586341858 , 1 , 1291202347.22
380.0 , 200.0 , 41.7731971741 , 1 , 1291202347.43
374.0 , 206.0 , 46.5295600891 , 1 , 1291202347.95
374.0 , 206.0 , 42.7200202942 , 1 , 1291202348.16
374.0 , 206.0 , 46.1410865784 , 1 , 1291202348.38
380.0 , 198.0 , 37.9473304749 , 1 , 1291202348.59
372.0 , 194.0 , 34.481880188 , 1 , 1291202348.81
378.0 , 204.0 , 46.0977210999 , 1 , 1291202349.02
374.0 , 206.0 , 42.941822052 , 1 , 1291202349.24
378.0 , 204.0 , 40.0 , 1 , 1291202349.45
372.0 , 204.0 , 44.0113639832 , 1 , 1291202349.66
380.0 , 200.0 , 35.468296051 , 1 , 1291202349.88
380.0 , 196.0 , 36.1386222839 , 1 , 1291202350.3
380.0 , 196.0 , 36.0555114746 , 1 , 1291202350.52
380.0 , 196.0 , 36.0693778992 , 1 , 1291202350.73
374.0 , 210.0 , 47.010635376 , 1 , 1291202350.95
378.0 , 198.0 , 38.4707679749 , 1 , 1291202351.16
374.0 , 210.0 , 46.5295600891 , 1 , 1291202351.38
372.0 , 204.0 , 44.0 , 1 , 1291202351.59
380.0 , 196.0 , 36.2215423584 , 1 , 1291202351.81
382.0 , 194.0 , 33.9558525085 , 1 , 1291202352.02
380.0 , 196.0 , 31.9530906677 , 1 , 1291202352.24
376.0 , 198.0 , 38.8329772949 , 1 , 1291202352.45
388.0 , 188.0 , 27.073972702 , 1 , 1291202352.67
374.0 , 206.0 , 46.1735839844 , 1 , 1291202352.88
378.0 , 200.0 , 42.6380119324 , 1 , 1291202353.31
378.0 , 198.0 , 38.3275375366 , 1 , 1291202353.52
378.0 , 200.0 , 36.4005508423 , 1 , 1291202353.74
378.0 , 200.0 , 36.2353401184 , 1 , 1291202353.96
380.0 , 188.0 , 28.2842712402 , 1 , 1291202354.17
374.0 , 202.0 , 42.5440940857 , 1 , 1291202354.38
372.0 , 202.0 , 42.0594825745 , 1 , 1291202354.6
378.0 , 200.0 , 40.3112869263 , 1 , 1291202354.81
378.0 , 196.0 , 36.1386222839 , 1 , 1291202355.03
372.0 , 208.0 , 46.615447998 , 1 , 1291202355.24
380.0 , 198.0 , 38.0131568909 , 1 , 1291202355.45
380.0 , 202.0 , 43.4165878296 , 1 , 1291202355.67
372.0 , 210.0 , 47.8016738892 , 1 , 1291202355.88
382.0 , 198.0 , 39.0512466431 , 1 , 1291202356.1
376.0 , 204.0 , 40.8533973694 , 1 , 1291202356.31
376.0 , 202.0 , 42.755115509 , 1 , 1291202356.53
380.0 , 202.0 , 37.5366477966 , 1 , 1291202356.74
374.0 , 206.0 , 46.1735839844 , 1 , 1291202356.96
380.0 , 198.0 , 40.3112869263 , 1 , 1291202357.18
376.0 , 208.0 , 44.5982055664 , 1 , 1291202357.39
384.0 , 196.0 , 36.3593177795 , 1 , 1291202357.61
368.0 , 216.0 , 54.1294746399 , 1 , 1291202357.82
382.0 , 196.0 , 36.8917350769 , 1 , 1291202358.03
380.0 , 202.0 , 43.0116271973 , 1 , 1291202358.25
372.0 , 196.0 , 36.2491378784 , 1 , 1291202358.47
380.0 , 198.0 , 38.0131568909 , 1 , 1291202358.68
378.0 , 198.0 , 34.6554450989 , 1 , 1291202358.9
374.0 , 202.0 , 42.4499702454 , 1 , 1291202359.11
374.0 , 206.0 , 46.3896522522 , 1 , 1291202359.32
372.0 , 198.0 , 38.2883796692 , 1 , 1291202359.54
380.0 , 204.0 , 44.5533370972 , 1 , 1291202359.75
374.0 , 208.0 , 44.7213592529 , 1 , 1291202359.96
382.0 , 196.0 , 31.1448230743 , 1 , 1291202360.18
380.0 , 198.0 , 33.6154708862 , 1 , 1291202360.39
374.0 , 202.0 , 42.5440940857 , 1 , 1291202360.61
384.0 , 190.0 , 30.8868904114 , 1 , 1291202360.82
372.0 , 202.0 , 42.0594825745 , 1 , 1291202361.03
380.0 , 200.0 , 41.7612266541 , 1 , 1291202361.25
366.0 , 216.0 , 56.8506813049 , 1 , 1291202361.46
370.0 , 210.0 , 47.5394554138 , 1 , 1291202361.67
370.0 , 214.0 , 53.0 , 1 , 1291202361.88
378.0 , 200.0 , 36.3593177795 , 1 , 1291202362.1
372.0 , 202.0 , 41.7252922058 , 1 , 1291202362.31
380.0 , 202.0 , 37.3363075256 , 1 , 1291202362.52
378.0 , 208.0 , 49.0917510986 , 1 , 1291202362.74
378.0 , 200.0 , 36.3593177795 , 1 , 1291202362.95
374.0 , 202.0 , 42.5440940857 , 1 , 1291202363.37
372.0 , 210.0 , 47.8016738892 , 1 , 1291202363.58
380.0 , 202.0 , 43.2666168213 , 1 , 1291202363.8
380.0 , 198.0 , 38.0788650513 , 1 , 1291202364.02
378.0 , 194.0 , 34.481880188 , 1 , 1291202364.23
380.0 , 196.0 , 36.1386222839 , 1 , 1291202364.44
378.0 , 204.0 , 40.1995010376 , 1 , 1291202364.87
372.0 , 200.0 , 40.0 , 1 , 1291202365.08
376.0 , 202.0 , 42.7200202942 , 1 , 1291202365.3
370.0 , 204.0 , 42.5440940857 , 1 , 1291202365.51
378.0 , 200.0 , 36.1247825623 , 1 , 1291202365.72
384.0 , 192.0 , 32.5576400757 , 1 , 1291202365.94
378.0 , 200.0 , 36.2215423584 , 1 , 1291202366.15
376.0 , 204.0 , 40.8166618347 , 1 , 1291202366.37
378.0 , 202.0 , 44.294467926 , 1 , 1291202366.58
378.0 , 200.0 , 40.3112869263 , 1 , 1291202366.8
378.0 , 204.0 , 46.0977210999 , 1 , 1291202367.01
378.0 , 206.0 , 47.5078926086 , 1 , 1291202367.23
378.0 , 200.0 , 37.9473304749 , 1 , 1291202367.44
370.0 , 208.0 , 47.1699066162 , 1 , 1291202367.65
382.0 , 192.0 , 32.0156211853 , 1 , 1291202368.08
380.0 , 202.0 , 43.2666168213 , 1 , 1291202368.29
372.0 , 208.0 , 46.4865570068 , 1 , 1291202368.51
372.0 , 212.0 , 48.8364601135 , 1 , 1291202368.72
374.0 , 202.0 , 42.6380119324 , 1 , 1291202369.14
380.0 , 198.0 , 38.0525970459 , 1 , 1291202369.36
370.0 , 210.0 , 50.0 , 1 , 1291202369.57
378.0 , 196.0 , 36.4005508423 , 1 , 1291202369.79
374.0 , 210.0 , 46.5725250244 , 1 , 1291202370.05
378.0 , 200.0 , 36.2353401184 , 1 , 1291202370.27
376.0 , 196.0 , 36.7695541382 , 1 , 1291202370.48
380.0 , 198.0 , 40.2616424561 , 1 , 1291202370.7
374.0 , 206.0 , 46.4865570068 , 1 , 1291202371.33
378.0 , 204.0 , 40.0 , 1 , 1291202371.55
372.0 , 198.0 , 38.0788650513 , 1 , 1291202371.76
382.0 , 196.0 , 36.8917350769 , 1 , 1291202371.97
372.0 , 208.0 , 46.0977210999 , 1 , 1291202372.19
374.0 , 200.0 , 40.8044128418 , 1 , 1291202372.41
376.0 , 208.0 , 44.5533370972 , 1 , 1291202372.62
374.0 , 206.0 , 46.5188140869 , 1 , 1291202372.83
380.0 , 196.0 , 36.0555114746 , 1 , 1291202373.05
370.0 , 210.0 , 47.7074432373 , 1 , 1291202373.26
376.0 , 210.0 , 46.3249397278 , 1 , 1291202373.48
378.0 , 200.0 , 36.4005508423 , 1 , 1291202373.69
376.0 , 202.0 , 42.7200202942 , 1 , 1291202373.9
374.0 , 208.0 , 48.0416488647 , 1 , 1291202374.12
370.0 , 202.0 , 41.5932693481 , 1 , 1291202374.33
330.0 , 256.0 , 110.634536743 , 2 , 1291202374.56
372.0 , 208.0 , 47.6759910583 , 1 , 1291202374.77
372.0 , 214.0 , 51.4781494141 , 1 , 1291202374.99
372.0 , 200.0 , 40.2616424561 , 1 , 1291202375.21
372.0 , 204.0 , 44.0 , 1 , 1291202375.63
386.0 , 186.0 , 26.9258232117 , 1 , 1291202375.85
372.0 , 204.0 , 43.6577606201 , 1 , 1291202376.06
374.0 , 204.0 , 44.4184646606 , 1 , 1291202376.27
370.0 , 214.0 , 53.1507301331 , 1 , 1291202376.49
372.0 , 204.0 , 43.6806602478 , 1 , 1291202376.7
378.0 , 200.0 , 38.0788650513 , 1 , 1291202377.33
376.0 , 208.0 , 44.6542282104 , 1 , 1291202377.54
378.0 , 204.0 , 46.0434570312 , 1 , 1291202377.76
378.0 , 204.0 , 46.0434570312 , 1 , 1291202377.97
376.0 , 202.0 , 39.0 , 1 , 1291202378.19
380.0 , 198.0 , 40.0 , 1 , 1291202378.4
370.0 , 210.0 , 47.6759910583 , 1 , 1291202378.61
374.0 , 202.0 , 42.5440940857 , 1 , 1291202378.83
372.0 , 214.0 , 51.6236381531 , 1 , 1291202379.04
374.0 , 204.0 , 44.294467926 , 1 , 1291202379.25
372.0 , 206.0 , 45.2216758728 , 1 , 1291202379.46
380.0 , 198.0 , 38.1182365417 , 1 , 1291202379.68
374.0 , 204.0 , 44.3846817017 , 1 , 1291202379.89
376.0 , 202.0 , 39.0 , 1 , 1291202380.1
378.0 , 202.0 , 38.2099456787 , 1 , 1291202380.31
370.0 , 210.0 , 47.8852806091 , 1 , 1291202380.53
372.0 , 202.0 , 42.107006073 , 1 , 1291202380.74
380.0 , 196.0 , 39.6988677979 , 1 , 1291202383.44
374.0 , 206.0 , 45.880279541 , 1 , 1291202383.66
372.0 , 216.0 , 53.254108429 , 1 , 1291202383.87
376.0 , 200.0 , 40.718547821 , 1 , 1291202384.08
380.0 , 196.0 , 36.2215423584 , 1 , 1291202384.29
378.0 , 196.0 , 36.2353401184 , 1 , 1291202384.71
372.0 , 208.0 , 44.7213592529 , 1 , 1291202384.93
380.0 , 192.0 , 32.2024841309 , 1 , 1291202385.14
376.0 , 202.0 , 42.7200202942 , 1 , 1291202385.56
376.0 , 204.0 , 44.7772254944 , 1 , 1291202385.77
372.0 , 200.0 , 40.1621704102 , 1 , 1291202385.98
378.0 , 200.0 , 44.2831802368 , 1 , 1291202386.19
370.0 , 212.0 , 50.2493782043 , 1 , 1291202386.61
372.0 , 206.0 , 45.5411911011 , 1 , 1291202386.84
370.0 , 192.0 , 32.0156211853 , 1 , 1291202387.06
374.0 , 208.0 , 45.310043335 , 1 , 1291202387.27
390.0 , 188.0 , 26.5706596375 , 1 , 1291202387.48
372.0 , 204.0 , 43.8634262085 , 1 , 1291202387.69
374.0 , 200.0 , 40.8044128418 , 1 , 1291202387.9
384.0 , 198.0 , 38.0788650513 , 1 , 1291202388.12
368.0 , 212.0 , 49.477268219 , 1 , 1291202388.33
374.0 , 206.0 , 46.1735839844 , 1 , 1291202388.75
370.0 , 214.0 , 53.254108429 , 1 , 1291202388.96
374.0 , 214.0 , 50.4777183533 , 1 , 1291202389.17
374.0 , 202.0 , 42.5440940857 , 1 , 1291202389.59
370.0 , 194.0 , 34.0587730408 , 1 , 1291202389.8
380.0 , 200.0 , 35.5105628967 , 1 , 1291202390.01
372.0 , 210.0 , 48.2597122192 , 1 , 1291202390.22
374.0 , 212.0 , 48.3735466003 , 1 , 1291202390.43
374.0 , 202.0 , 42.9534645081 , 1 , 1291202390.64
374.0 , 206.0 , 46.0977210999 , 1 , 1291202390.85
376.0 , 208.0 , 44.407207489 , 1 , 1291202391.07
374.0 , 202.0 , 41.7252922058 , 1 , 1291202391.28
376.0 , 198.0 , 38.8329772949 , 1 , 1291202391.91
372.0 , 198.0 , 38.2883796692 , 1 , 1291202392.12
380.0 , 202.0 , 43.2666168213 , 1 , 1291202392.33
382.0 , 196.0 , 37.4833297729 , 1 , 1291202392.74
372.0 , 208.0 , 46.0434570312 , 1 , 1291202392.96
374.0 , 208.0 , 45.2769241333 , 1 , 1291202393.17
378.0 , 202.0 , 44.407207489 , 1 , 1291202393.38
380.0 , 196.0 , 38.2099456787 , 1 , 1291202393.59
380.0 , 196.0 , 31.8904380798 , 1 , 1291202393.8
378.0 , 200.0 , 40.3112869263 , 1 , 1291202394.01
370.0 , 210.0 , 47.5394554138 , 1 , 1291202394.23
380.0 , 196.0 , 36.2491378784 , 1 , 1291202394.44
372.0 , 204.0 , 43.9658966064 , 1 , 1291202394.65
374.0 , 202.0 , 42.5793380737 , 1 , 1291202394.86
378.0 , 200.0 , 36.3593177795 , 1 , 1291202395.07
374.0 , 202.0 , 42.7200202942 , 1 , 1291202395.28
376.0 , 208.0 , 44.5533370972 , 1 , 1291202395.49
380.0 , 198.0 , 33.6154708862 , 1 , 1291202395.71
376.0 , 206.0 , 42.6380119324 , 1 , 1291202395.92
372.0 , 204.0 , 43.7378540039 , 1 , 1291202396.13
372.0 , 204.0 , 44.0454292297 , 1 , 1291202396.34
372.0 , 214.0 , 51.6139526367 , 1 , 1291202396.55
366.0 , 184.0 , 23.3238067627 , 1 , 1291202396.76
376.0 , 204.0 , 40.7921562195 , 1 , 1291202396.98
374.0 , 204.0 , 44.1021537781 , 1 , 1291202397.19
372.0 , 208.0 , 47.1699066162 , 2 , 1291202397.41
374.0 , 206.0 , 46.2385139465 , 1 , 1291202397.62
376.0 , 210.0 , 46.4004325867 , 1 , 1291202398.05
372.0 , 212.0 , 50.328918457 , 1 , 1291202398.26
384.0 , 188.0 , 29.1547603607 , 1 , 1291202398.47
374.0 , 206.0 , 46.0977210999 , 1 , 1291202398.68
374.0 , 200.0 , 41.0487518311 , 1 , 1291202398.89
376.0 , 202.0 , 42.7200202942 , 1 , 1291202399.11
380.0 , 196.0 , 36.2215423584 , 1 , 1291202399.32
376.0 , 200.0 , 40.7921562195 , 1 , 1291202399.53
378.0 , 200.0 , 36.2491378784 , 1 , 1291202399.75
374.0 , 210.0 , 47.010635376 , 1 , 1291202399.96
374.0 , 204.0 , 44.5533370972 , 1 , 1291202400.18
372.0 , 206.0 , 45.6179771423 , 1 , 1291202400.39
378.0 , 188.0 , 28.8617401123 , 1 , 1291202400.6
372.0 , 206.0 , 45.188495636 , 1 , 1291202400.84
372.0 , 212.0 , 49.6789703369 , 1 , 1291202401.06
376.0 , 202.0 , 42.7200202942 , 1 , 1291202401.27
380.0 , 204.0 , 39.1152153015 , 1 , 1291202401.48
382.0 , 192.0 , 31.9530906677 , 1 , 1291202401.7
376.0 , 204.0 , 40.8533973694 , 1 , 1291202401.91
378.0 , 204.0 , 46.0434570312 , 1 , 1291202402.12
370.0 , 210.0 , 49.8196754456 , 1 , 1291202402.34
374.0 , 204.0 , 44.294467926 , 1 , 1291202402.76
374.0 , 202.0 , 42.7200202942 , 1 , 1291202402.98
378.0 , 202.0 , 44.2040710449 , 1 , 1291202403.19
372.0 , 200.0 , 40.0124969482 , 1 , 1291202403.4
378.0 , 192.0 , 32.5576400757 , 1 , 1291202403.62
386.0 , 194.0 , 33.9411239624 , 1 , 1291202403.83
378.0 , 190.0 , 30.5941162109 , 1 , 1291202404.05
380.0 , 200.0 , 41.7252922058 , 1 , 1291202404.26
372.0 , 206.0 , 45.2216758728 , 1 , 1291202404.47
374.0 , 198.0 , 39.0 , 1 , 1291202404.69
376.0 , 210.0 , 46.3249397278 , 1 , 1291202404.9
374.0 , 202.0 , 42.5440940857 , 1 , 1291202405.11
378.0 , 204.0 , 46.0651702881 , 1 , 1291202405.33
372.0 , 206.0 , 45.2216758728 , 1 , 1291202405.54
380.0 , 202.0 , 37.3363075256 , 1 , 1291202405.76
374.0 , 204.0 , 44.3846817017 , 1 , 1291202405.97
374.0 , 202.0 , 42.5440940857 , 1 , 1291202406.18
380.0 , 198.0 , 38.0131568909 , 1 , 1291202406.4
376.0 , 202.0 , 42.7200202942 , 1 , 1291202406.61
374.0 , 212.0 , 48.6004104614 , 1 , 1291202406.82
380.0 , 198.0 , 40.3112869263 , 1 , 1291202407.04
372.0 , 204.0 , 44.0113639832 , 1 , 1291202407.25
378.0 , 204.0 , 46.0434570312 , 1 , 1291202407.67
376.0 , 192.0 , 32.8937683105 , 1 , 1291202407.89
378.0 , 200.0 , 36.2491378784 , 1 , 1291202408.1
374.0 , 204.0 , 44.5533370972 , 1 , 1291202408.33
374.0 , 204.0 , 44.4184646606 , 1 , 1291202408.55
374.0 , 206.0 , 46.270942688 , 1 , 1291202408.76
378.0 , 202.0 , 44.407207489 , 1 , 1291202408.98
380.0 , 196.0 , 36.1386222839 , 1 , 1291202409.19
380.0 , 200.0 , 41.7731971741 , 1 , 1291202409.4
374.0 , 204.0 , 40.8166618347 , 1 , 1291202409.62
378.0 , 204.0 , 46.0977210999 , 1 , 1291202409.83
376.0 , 204.0 , 41.0 , 1 , 1291202410.04
376.0 , 208.0 , 44.5982055664 , 1 , 1291202410.26
372.0 , 212.0 , 50.4479942322 , 1 , 1291202410.47
372.0 , 210.0 , 47.634021759 , 1 , 1291202410.69
374.0 , 206.0 , 42.7200202942 , 1 , 1291202410.9
374.0 , 208.0 , 45.2769241333 , 1 , 1291202411.11
380.0 , 194.0 , 34.2052612305 , 1 , 1291202411.33
372.0 , 210.0 , 47.0425338745 , 1 , 1291202411.54
378.0 , 198.0 , 38.3275375366 , 1 , 1291202411.76
372.0 , 204.0 , 43.6577606201 , 1 , 1291202411.97
380.0 , 198.0 , 38.1182365417 , 1 , 1291202412.18
374.0 , 206.0 , 46.1410865784 , 1 , 1291202412.4
378.0 , 204.0 , 46.2276954651 , 1 , 1291202412.61
372.0 , 210.0 , 41.6293182373 , 1 , 1291202413.04
378.0 , 204.0 , 46.0434570312 , 1 , 1291202413.26
378.0 , 200.0 , 42.1900444031 , 1 , 1291202413.47
372.0 , 204.0 , 43.8292121887 , 1 , 1291202413.68
370.0 , 196.0 , 36.0555114746 , 1 , 1291202413.9
378.0 , 200.0 , 36.3593177795 , 1 , 1291202414.32
382.0 , 198.0 , 38.9486846924 , 1 , 1291202414.54
372.0 , 196.0 , 36.6742401123 , 1 , 1291202414.75
374.0 , 202.0 , 42.5793380737 , 1 , 1291202414.97
374.0 , 202.0 , 42.2965736389 , 1 , 1291202415.18
372.0 , 208.0 , 46.6476135254 , 1 , 1291202415.39
376.0 , 204.0 , 41.0 , 1 , 1291202415.61
372.0 , 200.0 , 40.1995010376 , 1 , 1291202415.82
374.0 , 206.0 , 46.1735839844 , 1 , 1291202416.04
380.0 , 196.0 , 36.1247825623 , 1 , 1291202416.25
376.0 , 204.0 , 40.8044128418 , 1 , 1291202416.46
378.0 , 200.0 , 36.3455619812 , 1 , 1291202416.68
372.0 , 210.0 , 47.7074432373 , 1 , 1291202416.89
378.0 , 200.0 , 36.3455619812 , 1 , 1291202417.1
378.0 , 200.0 , 36.2353401184 , 1 , 1291202417.32
376.0 , 208.0 , 44.5533370972 , 2 , 1291202417.54
374.0 , 206.0 , 42.7200202942 , 1 , 1291202417.76
372.0 , 204.0 , 43.6577606201 , 1 , 1291202417.97
378.0 , 200.0 , 42.5440940857 , 1 , 1291202418.18
372.0 , 216.0 , 53.0094337463 , 1 , 1291202418.4
384.0 , 196.0 , 36.3593177795 , 1 , 1291202418.61
380.0 , 198.0 , 38.0131568909 , 1 , 1291202418.83
374.0 , 204.0 , 44.2831802368 , 1 , 1291202419.04
378.0 , 200.0 , 42.7200202942 , 1 , 1291202419.26
380.0 , 192.0 , 32.2024841309 , 1 , 1291202419.47
376.0 , 200.0 , 40.8044128418 , 1 , 1291202419.68
372.0 , 210.0 , 47.7074432373 , 1 , 1291202421.07
384.0 , 192.0 , 32.6496543884 , 1 , 1291202421.28
378.0 , 198.0 , 38.4707679749 , 1 , 1291202421.49
380.0 , 200.0 , 41.8688430786 , 1 , 1291202421.71
372.0 , 206.0 , 45.8039283752 , 1 , 1291202421.92
382.0 , 194.0 , 37.2021522522 , 1 , 1291202422.13
380.0 , 196.0 , 36.1247825623 , 1 , 1291202422.35
380.0 , 200.0 , 41.7612266541 , 1 , 1291202422.56
374.0 , 200.0 , 40.718547821 , 1 , 1291202422.78
378.0 , 198.0 , 38.3275375366 , 1 , 1291202422.99
380.0 , 200.0 , 41.7731971741 , 1 , 1291202423.2
370.0 , 182.0 , 22.4722042084 , 1 , 1291202423.42
380.0 , 198.0 , 33.9411239624 , 1 , 1291202423.63
374.0 , 204.0 , 44.407207489 , 1 , 1291202423.84
374.0 , 208.0 , 45.2769241333 , 1 , 1291202424.06
380.0 , 200.0 , 41.8807830811 , 1 , 1291202424.27
380.0 , 196.0 , 36.0555114746 , 1 , 1291202424.48
380.0 , 196.0 , 36.2215423584 , 1 , 1291202424.7
370.0 , 198.0 , 37.7359237671 , 1 , 1291202424.91
380.0 , 198.0 , 40.0 , 1 , 1291202425.13
372.0 , 210.0 , 49.5176734924 , 1 , 1291202425.34
382.0 , 200.0 , 40.7062644958 , 1 , 1291202425.56
376.0 , 202.0 , 42.7200202942 , 1 , 1291202425.77
116.0 , 246.0 , 141.598022461 , 6 , 1291202426.03
380.0 , 202.0 , 43.1856460571 , 1 , 1291202426.24
382.0 , 196.0 , 37.4833297729 , 1 , 1291202426.45
374.0 , 204.0 , 44.407207489 , 1 , 1291202426.67
380.0 , 198.0 , 39.9624824524 , 1 , 1291202426.88
378.0 , 210.0 , 50.5371131897 , 1 , 1291202427.09
372.0 , 208.0 , 47.8539428711 , 1 , 1291202427.31
378.0 , 204.0 , 46.0651702881 , 1 , 1291202427.52
380.0 , 202.0 , 43.3820228577 , 1 , 1291202427.74
380.0 , 198.0 , 38.0131568909 , 1 , 1291202427.95
382.0 , 198.0 , 38.4837646484 , 1 , 1291202428.17
372.0 , 208.0 , 47.8539428711 , 1 , 1291202428.38
376.0 , 204.0 , 40.8166618347 , 1 , 1291202428.6
378.0 , 202.0 , 44.2831802368 , 1 , 1291202428.81
372.0 , 208.0 , 46.6476135254 , 1 , 1291202429.02
376.0 , 204.0 , 44.407207489 , 1 , 1291202429.24
374.0 , 206.0 , 46.4004325867 , 1 , 1291202429.45
300.0 , 218.0 , 59.0 , 1 , 1291202429.68
372.0 , 218.0 , 54.2033195496 , 1 , 1291202429.9
378.0 , 200.0 , 36.2353401184 , 1 , 1291202430.52
374.0 , 206.0 , 46.3249397278 , 1 , 1291202430.74
374.0 , 206.0 , 46.0434570312 , 1 , 1291202430.95
378.0 , 204.0 , 45.9673805237 , 1 , 1291202431.17
378.0 , 200.0 , 36.3455619812 , 1 , 1291202431.38
374.0 , 198.0 , 39.1152153015 , 1 , 1291202431.59
380.0 , 204.0 , 44.7772254944 , 1 , 1291202431.81
378.0 , 204.0 , 46.0108680725 , 1 , 1291202432.02
376.0 , 208.0 , 44.5982055664 , 1 , 1291202432.24
372.0 , 206.0 , 45.2548332214 , 1 , 1291202432.45
380.0 , 196.0 , 36.1247825623 , 1 , 1291202432.66
384.0 , 198.0 , 38.1837654114 , 1 , 1291202433.09
374.0 , 204.0 , 44.294467926 , 1 , 1291202433.3
378.0 , 200.0 , 42.4499702454 , 1 , 1291202433.52
228.0 , 280.0 , 198.494338989 , 4 , 1291202433.74
380.0 , 198.0 , 40.3112869263 , 1 , 1291202433.96
380.0 , 204.0 , 44.7213592529 , 1 , 1291202434.38
372.0 , 204.0 , 44.9444084167 , 1 , 1291202434.59
382.0 , 194.0 , 29.4108829498 , 1 , 1291202434.81
378.0 , 202.0 , 44.2718887329 , 1 , 1291202435.02
244.0 , 204.0 , 44.1814422607 , 1 , 1291202435.24
378.0 , 196.0 , 36.3455619812 , 1 , 1291202435.46
374.0 , 204.0 , 44.407207489 , 1 , 1291202435.67
376.0 , 220.0 , 60.2992553711 , 1 , 1291202435.89
380.0 , 196.0 , 36.1247825623 , 1 , 1291202436.1
380.0 , 200.0 , 41.7731971741 , 1 , 1291202436.31
374.0 , 200.0 , 40.8044128418 , 1 , 1291202436.53
374.0 , 202.0 , 42.6380119324 , 1 , 1291202436.74
378.0 , 200.0 , 36.2353401184 , 1 , 1291202436.96
374.0 , 202.0 , 42.7200202942 , 1 , 1291202437.17
378.0 , 204.0 , 46.1410865784 , 1 , 1291202437.38
380.0 , 202.0 , 37.3630828857 , 1 , 1291202437.6
386.0 , 194.0 , 33.5410194397 , 1 , 1291202438.02
374.0 , 210.0 , 47.010635376 , 1 , 1291202438.24
382.0 , 196.0 , 37.0135116577 , 1 , 1291202438.45
374.0 , 206.0 , 46.1735839844 , 1 , 1291202438.87
378.0 , 204.0 , 46.2385139465 , 1 , 1291202439.3
378.0 , 204.0 , 46.0108680725 , 1 , 1291202439.51
378.0 , 200.0 , 36.3593177795 , 1 , 1291202439.72
426.0 , 204.0 , 45.5411911011 , 1 , 1291202439.94
380.0 , 202.0 , 37.215587616 , 1 , 1291202440.15
378.0 , 206.0 , 47.5078926086 , 1 , 1291202440.37
372.0 , 202.0 , 42.107006073 , 1 , 1291202440.58
376.0 , 198.0 , 38.9486846924 , 1 , 1291202440.79
378.0 , 204.0 , 46.0434570312 , 1 , 1291202441.01
374.0 , 202.0 , 42.4852905273 , 1 , 1291202441.22
372.0 , 210.0 , 47.634021759 , 1 , 1291202441.44
368.0 , 218.0 , 57.3149185181 , 1 , 1291202441.65
378.0 , 198.0 , 34.6698722839 , 1 , 1291202441.86
374.0 , 202.0 , 39.0128173828 , 1 , 1291202442.29
376.0 , 202.0 , 42.6380119324 , 1 , 1291202442.5
378.0 , 200.0 , 36.2215423584 , 1 , 1291202442.71
372.0 , 212.0 , 49.2442893982 , 1 , 1291202442.93
380.0 , 200.0 , 35.468296051 , 1 , 1291202443.14
372.0 , 206.0 , 45.5411911011 , 1 , 1291202443.36
382.0 , 190.0 , 30.0832176208 , 1 , 1291202443.58
378.0 , 202.0 , 44.1021537781 , 1 , 1291202444.0
380.0 , 200.0 , 41.7731971741 , 1 , 1291202444.21
374.0 , 206.0 , 46.2276954651 , 1 , 1291202444.47
372.0 , 200.0 , 40.1123428345 , 1 , 1291202444.68
378.0 , 204.0 , 46.1410865784 , 1 , 1291202444.9
378.0 , 200.0 , 36.4005508423 , 1 , 1291202445.11
372.0 , 194.0 , 34.4093017578 , 1 , 1291202445.33
376.0 , 202.0 , 42.7200202942 , 1 , 1291202445.54
372.0 , 204.0 , 44.0454292297 , 1 , 1291202445.75
378.0 , 196.0 , 36.3455619812 , 1 , 1291202445.97
166.0 , 302.0 , 66.4078292847 , 5 , 1291202446.22
380.0 , 192.0 , 32.0624389648 , 1 , 1291202446.43
372.0 , 206.0 , 45.6070175171 , 1 , 1291202446.64
374.0 , 206.0 , 46.5188140869 , 1 , 1291202446.86
380.0 , 198.0 , 40.4598579407 , 1 , 1291202447.07
374.0 , 216.0 , 52.3259010315 , 1 , 1291202447.29
380.0 , 200.0 , 41.7851638794 , 1 , 1291202447.72
