416.0 , 194.0 , 32.6496543884 , 1 , 1291199887.8
418.0 , 188.0 , 25.495098114 , 1 , 1291199888.06
404.0 , 202.0 , 40.4969139099 , 1 , 1291199888.28
402.0 , 212.0 , 50.0099983215 , 1 , 1291199888.54
402.0 , 208.0 , 46.270942688 , 1 , 1291199888.76
402.0 , 208.0 , 45.6070175171 , 1 , 1291199889.02
410.0 , 202.0 , 42.5440940857 , 1 , 1291199889.24
408.0 , 200.0 , 38.6393585205 , 1 , 1291199889.5
406.0 , 204.0 , 43.0116271973 , 1 , 1291199889.97
398.0 , 214.0 , 52.1536178589 , 1 , 1291199890.19
406.0 , 206.0 , 41.1096076965 , 1 , 1291199890.4
410.0 , 208.0 , 41.7731971741 , 1 , 1291199890.67
406.0 , 202.0 , 40.8044128418 , 1 , 1291199890.88
402.0 , 212.0 , 47.8539428711 , 1 , 1291199891.1
406.0 , 210.0 , 44.9444084167 , 1 , 1291199891.31
404.0 , 214.0 , 49.7393188477 , 1 , 1291199891.63
410.0 , 210.0 , 48.0208282471 , 1 , 1291199891.84
406.0 , 204.0 , 43.0116271973 , 1 , 1291199892.06
404.0 , 196.0 , 34.8855285645 , 1 , 1291199892.37
402.0 , 210.0 , 48.0416488647 , 1 , 1291199892.59
408.0 , 202.0 , 41.1460800171 , 1 , 1291199892.8
404.0 , 210.0 , 48.0936584473 , 1 , 1291199893.02
408.0 , 204.0 , 39.0 , 1 , 1291199893.23
416.0 , 186.0 , 24.2074375153 , 1 , 1291199893.44
416.0 , 186.0 , 24.3310508728 , 1 , 1291199893.66
408.0 , 198.0 , 37.1618080139 , 1 , 1291199893.87
402.0 , 214.0 , 51.1077308655 , 1 , 1291199894.08
412.0 , 206.0 , 39.2045898438 , 1 , 1291199894.29
404.0 , 208.0 , 46.0977210999 , 1 , 1291199894.51
412.0 , 194.0 , 32.2490310669 , 1 , 1291199894.93
408.0 , 200.0 , 35.1283378601 , 1 , 1291199895.15
404.0 , 204.0 , 42.4852905273 , 1 , 1291199895.41
416.0 , 192.0 , 30.8868904114 , 1 , 1291199895.63
400.0 , 212.0 , 48.0832595825 , 1 , 1291199895.89
402.0 , 208.0 , 45.1774291992 , 1 , 1291199896.11
406.0 , 210.0 , 48.5077323914 , 1 , 1291199896.32
404.0 , 214.0 , 49.648765564 , 1 , 1291199896.53
402.0 , 208.0 , 45.8039283752 , 1 , 1291199896.8
404.0 , 214.0 , 50.4777183533 , 1 , 1291199897.06
412.0 , 210.0 , 48.1040534973 , 1 , 1291199897.27
404.0 , 210.0 , 47.634021759 , 1 , 1291199897.48
412.0 , 196.0 , 34.2052612305 , 1 , 1291199897.7
416.0 , 192.0 , 30.8058433533 , 1 , 1291199897.91
412.0 , 200.0 , 40.2243690491 , 1 , 1291199898.13
416.0 , 194.0 , 32.5269126892 , 1 , 1291199898.39
404.0 , 214.0 , 49.648765564 , 1 , 1291199898.61
404.0 , 206.0 , 44.1021537781 , 1 , 1291199898.82
408.0 , 202.0 , 40.8166618347 , 1 , 1291199899.03
406.0 , 206.0 , 41.0487518311 , 1 , 1291199899.25
402.0 , 204.0 , 42.0119018555 , 1 , 1291199899.46
410.0 , 208.0 , 47.7074432373 , 1 , 1291199899.68
412.0 , 206.0 , 44.5982055664 , 1 , 1291199899.89
412.0 , 200.0 , 33.8378486633 , 1 , 1291199900.16
404.0 , 212.0 , 48.0208282471 , 1 , 1291199900.37
408.0 , 212.0 , 46.1735839844 , 1 , 1291199900.59
408.0 , 200.0 , 39.0512466431 , 1 , 1291199900.8
404.0 , 194.0 , 29.0688838959 , 1 , 1291199901.02
410.0 , 208.0 , 47.8016738892 , 1 , 1291199901.23
404.0 , 206.0 , 44.2040710449 , 1 , 1291199901.44
414.0 , 198.0 , 37.215587616 , 1 , 1291199901.66
404.0 , 204.0 , 42.4264068604 , 1 , 1291199901.92
408.0 , 198.0 , 33.2415390015 , 1 , 1291199902.13
410.0 , 206.0 , 46.0977210999 , 1 , 1291199902.4
404.0 , 212.0 , 46.8401527405 , 1 , 1291199902.61
404.0 , 196.0 , 34.9284973145 , 1 , 1291199902.88
406.0 , 204.0 , 39.0512466431 , 1 , 1291199903.24
404.0 , 214.0 , 49.8196754456 , 1 , 1291199903.45
404.0 , 214.0 , 50.990196228 , 1 , 1291199903.72
418.0 , 190.0 , 28.6356430054 , 1 , 1291199903.93
408.0 , 210.0 , 44.407207489 , 1 , 1291199904.14
410.0 , 204.0 , 44.5533370972 , 1 , 1291199904.35
412.0 , 200.0 , 33.6154708862 , 1 , 1291199904.56
412.0 , 198.0 , 36.2215423584 , 1 , 1291199904.78
410.0 , 208.0 , 41.7731971741 , 1 , 1291199904.99
392.0 , 426.0 , 74.2428436279 , 2 , 1291199905.22
416.0 , 192.0 , 30.8058433533 , 1 , 1291199905.49
404.0 , 202.0 , 40.6078796387 , 1 , 1291199905.7
408.0 , 206.0 , 44.9110221863 , 1 , 1291199905.91
412.0 , 206.0 , 44.8218688965 , 1 , 1291199906.18
404.0 , 210.0 , 48.3735466003 , 1 , 1291199906.39
400.0 , 212.0 , 46.0651702881 , 1 , 1291199906.6
418.0 , 190.0 , 28.2842712402 , 1 , 1291199906.86
402.0 , 206.0 , 43.0464859009 , 1 , 1291199907.08
408.0 , 204.0 , 39.0128173828 , 1 , 1291199907.29
404.0 , 196.0 , 34.9284973145 , 1 , 1291199907.66
404.0 , 214.0 , 49.6789703369 , 1 , 1291199907.87
412.0 , 198.0 , 36.1247825623 , 1 , 1291199908.13
402.0 , 212.0 , 49.0306015015 , 1 , 1291199908.34
404.0 , 208.0 , 46.0108680725 , 1 , 1291199908.55
404.0 , 214.0 , 49.5176734924 , 1 , 1291199908.77
414.0 , 198.0 , 31.2569999695 , 1 , 1291199908.98
402.0 , 200.0 , 38.0131568909 , 1 , 1291199909.19
408.0 , 204.0 , 39.0512466431 , 1 , 1291199909.4
404.0 , 214.0 , 49.648765564 , 1 , 1291199909.62
408.0 , 206.0 , 41.0121917725 , 1 , 1291199909.83
412.0 , 200.0 , 41.7731971741 , 1 , 1291199910.04
412.0 , 198.0 , 36.2215423584 , 1 , 1291199910.25
402.0 , 206.0 , 43.4165878296 , 1 , 1291199910.46
404.0 , 206.0 , 44.1021537781 , 1 , 1291199910.68
412.0 , 196.0 , 34.2344856262 , 1 , 1291199910.89
404.0 , 208.0 , 45.9673805237 , 1 , 1291199911.1
408.0 , 206.0 , 41.0 , 1 , 1291199911.32
404.0 , 208.0 , 46.0434570312 , 1 , 1291199911.53
406.0 , 210.0 , 44.9110221863 , 1 , 1291199911.79
408.0 , 200.0 , 35.1141014099 , 1 , 1291199912.0
412.0 , 200.0 , 33.9411239624 , 1 , 1291199912.27
408.0 , 210.0 , 44.6542282104 , 1 , 1291199912.53
410.0 , 208.0 , 41.7612266541 , 1 , 1291199912.74
412.0 , 202.0 , 42.0119018555 , 1 , 1291199912.96
402.0 , 206.0 , 43.93176651 , 1 , 1291199913.27
404.0 , 208.0 , 46.0977210999 , 1 , 1291199913.53
408.0 , 204.0 , 39.1152153015 , 1 , 1291199913.75
402.0 , 218.0 , 53.7121963501 , 1 , 1291199913.96
404.0 , 200.0 , 38.8973007202 , 1 , 1291199914.17
406.0 , 206.0 , 44.7213592529 , 1 , 1291199914.38
412.0 , 198.0 , 40.3112869263 , 1 , 1291199914.6
408.0 , 208.0 , 42.7200202942 , 1 , 1291199914.81
396.0 , 222.0 , 61.522354126 , 1 , 1291199915.02
406.0 , 204.0 , 43.0116271973 , 1 , 1291199915.23
404.0 , 212.0 , 49.0917510986 , 1 , 1291199915.5
402.0 , 206.0 , 43.4626274109 , 1 , 1291199915.71
404.0 , 202.0 , 40.6078796387 , 1 , 1291199915.92
408.0 , 210.0 , 44.5982055664 , 1 , 1291199916.13
404.0 , 216.0 , 51.3127670288 , 1 , 1291199916.4
404.0 , 216.0 , 51.4781494141 , 1 , 1291199916.61
404.0 , 212.0 , 48.7954902649 , 1 , 1291199916.82
404.0 , 214.0 , 49.6588363647 , 1 , 1291199917.03
404.0 , 194.0 , 33.2415390015 , 1 , 1291199917.24
402.0 , 212.0 , 48.3321838379 , 1 , 1291199917.46
404.0 , 214.0 , 49.0407981873 , 1 , 1291199917.67
404.0 , 208.0 , 46.0977210999 , 1 , 1291199917.93
414.0 , 198.0 , 38.9486846924 , 1 , 1291199918.14
412.0 , 196.0 , 34.2052612305 , 1 , 1291199918.56
412.0 , 200.0 , 34.0 , 1 , 1291199918.77
402.0 , 206.0 , 43.4165878296 , 1 , 1291199918.98
418.0 , 190.0 , 28.6356430054 , 1 , 1291199919.19
412.0 , 206.0 , 39.2173423767 , 1 , 1291199919.4
406.0 , 204.0 , 39.0 , 1 , 1291199919.61
404.0 , 210.0 , 48.1663780212 , 1 , 1291199919.83
404.0 , 214.0 , 49.5176734924 , 1 , 1291199920.04
410.0 , 202.0 , 36.4005508423 , 1 , 1291199920.25
402.0 , 214.0 , 50.990196228 , 1 , 1291199920.46
414.0 , 196.0 , 29.4108829498 , 1 , 1291199920.67
412.0 , 198.0 , 36.3455619812 , 1 , 1291199920.88
404.0 , 216.0 , 50.9215087891 , 1 , 1291199921.1
404.0 , 208.0 , 46.0108680725 , 1 , 1291199921.31
404.0 , 206.0 , 44.147480011 , 1 , 1291199921.52
404.0 , 212.0 , 49.3963546753 , 1 , 1291199921.73
406.0 , 206.0 , 44.7213592529 , 1 , 1291199922.0
402.0 , 204.0 , 41.5932693481 , 1 , 1291199922.21
412.0 , 198.0 , 40.3112869263 , 1 , 1291199922.42
412.0 , 196.0 , 34.2052612305 , 1 , 1291199922.68
406.0 , 208.0 , 46.5188140869 , 1 , 1291199922.95
412.0 , 196.0 , 34.1320953369 , 1 , 1291199923.16
412.0 , 196.0 , 34.1760139465 , 1 , 1291199923.37
418.0 , 188.0 , 26.4196891785 , 1 , 1291199923.58
404.0 , 206.0 , 44.2831802368 , 1 , 1291199923.79
404.0 , 210.0 , 48.2597122192 , 1 , 1291199924.01
418.0 , 188.0 , 27.073972702 , 1 , 1291199924.22
404.0 , 212.0 , 49.3963546753 , 1 , 1291199924.43
404.0 , 200.0 , 38.3275375366 , 1 , 1291199924.64
408.0 , 196.0 , 34.7131080627 , 1 , 1291199924.85
404.0 , 208.0 , 46.0108680725 , 1 , 1291199925.06
418.0 , 190.0 , 28.4429244995 , 1 , 1291199925.28
408.0 , 206.0 , 41.0487518311 , 1 , 1291199925.49
414.0 , 194.0 , 27.2946872711 , 1 , 1291199925.75
408.0 , 204.0 , 42.5793380737 , 1 , 1291199925.96
408.0 , 208.0 , 42.941822052 , 1 , 1291199926.23
408.0 , 202.0 , 37.0540161133 , 1 , 1291199926.59
404.0 , 204.0 , 42.4264068604 , 1 , 1291199927.01
412.0 , 198.0 , 36.2215423584 , 1 , 1291199927.22
412.0 , 198.0 , 36.3455619812 , 1 , 1291199927.43
412.0 , 198.0 , 36.2215423584 , 1 , 1291199927.64
412.0 , 196.0 , 34.1760139465 , 1 , 1291199927.85
404.0 , 210.0 , 47.4130783081 , 1 , 1291199928.06
404.0 , 214.0 , 49.1934967041 , 1 , 1291199928.38
418.0 , 188.0 , 27.1661548615 , 1 , 1291199928.59
414.0 , 202.0 , 40.6078796387 , 1 , 1291199928.9
406.0 , 204.0 , 43.0116271973 , 1 , 1291199929.12
406.0 , 208.0 , 43.0116271973 , 1 , 1291199929.33
412.0 , 204.0 , 37.4432907104 , 1 , 1291199929.54
414.0 , 196.0 , 29.2745628357 , 1 , 1291199929.75
402.0 , 212.0 , 48.1040534973 , 1 , 1291199930.01
412.0 , 200.0 , 38.0131568909 , 1 , 1291199930.43
412.0 , 200.0 , 33.9411239624 , 1 , 1291199930.69
412.0 , 200.0 , 41.6773338318 , 1 , 1291199930.9
404.0 , 216.0 , 51.8555679321 , 1 , 1291199931.11
404.0 , 214.0 , 50.990196228 , 1 , 1291199931.33
410.0 , 202.0 , 36.2353401184 , 1 , 1291199931.54
404.0 , 218.0 , 53.1507301331 , 1 , 1291199931.75
404.0 , 216.0 , 51.6623649597 , 1 , 1291199932.01
408.0 , 202.0 , 41.1096076965 , 1 , 1291199932.22
408.0 , 202.0 , 40.7062644958 , 1 , 1291199932.44
404.0 , 216.0 , 51.2249946594 , 1 , 1291199932.65
402.0 , 206.0 , 43.4165878296 , 1 , 1291199932.86
412.0 , 198.0 , 32.2024841309 , 1 , 1291199933.07
402.0 , 194.0 , 32.2800254822 , 1 , 1291199933.28
402.0 , 208.0 , 45.6070175171 , 1 , 1291199933.49
404.0 , 212.0 , 49.0407981873 , 1 , 1291199933.71
412.0 , 200.0 , 38.0525970459 , 1 , 1291199933.92
404.0 , 212.0 , 49.1934967041 , 1 , 1291199934.13
408.0 , 200.0 , 35.1710090637 , 1 , 1291199934.34
412.0 , 208.0 , 40.4598579407 , 1 , 1291199934.55
404.0 , 210.0 , 48.0832595825 , 1 , 1291199934.77
404.0 , 206.0 , 44.294467926 , 1 , 1291199934.98
404.0 , 216.0 , 51.351726532 , 1 , 1291199935.19
404.0 , 216.0 , 51.400390625 , 1 , 1291199935.45
404.0 , 210.0 , 48.0208282471 , 1 , 1291199935.67
410.0 , 202.0 , 40.3608703613 , 1 , 1291199935.88
414.0 , 192.0 , 30.0166625977 , 1 , 1291199936.09
418.0 , 192.0 , 29.7321376801 , 1 , 1291199936.3
418.0 , 188.0 , 27.0185127258 , 1 , 1291199936.51
404.0 , 208.0 , 46.0977210999 , 1 , 1291199936.83
418.0 , 188.0 , 26.4196891785 , 1 , 1291199937.04
410.0 , 212.0 , 50.990196228 , 1 , 1291199937.25
404.0 , 218.0 , 52.6972503662 , 1 , 1291199937.46
406.0 , 202.0 , 41.2310562134 , 1 , 1291199937.67
412.0 , 200.0 , 38.0525970459 , 1 , 1291199937.89
410.0 , 200.0 , 40.4969139099 , 1 , 1291199938.1
416.0 , 192.0 , 30.8058433533 , 1 , 1291199938.31
408.0 , 210.0 , 44.6430282593 , 1 , 1291199938.62
404.0 , 198.0 , 36.3593177795 , 1 , 1291199938.83
404.0 , 204.0 , 42.4499702454 , 1 , 1291199939.05
406.0 , 212.0 , 46.8721656799 , 1 , 1291199939.26
412.0 , 198.0 , 32.2024841309 , 1 , 1291199939.47
414.0 , 196.0 , 29.1547603607 , 1 , 1291199939.68
404.0 , 216.0 , 51.009803772 , 1 , 1291199939.89
406.0 , 204.0 , 39.0512466431 , 1 , 1291199940.1
404.0 , 214.0 , 50.4777183533 , 1 , 1291199940.32
406.0 , 204.0 , 43.1393089294 , 1 , 1291199940.53
408.0 , 202.0 , 41.0 , 1 , 1291199940.83
416.0 , 192.0 , 31.2569999695 , 1 , 1291199941.09
412.0 , 202.0 , 35.5105628967 , 1 , 1291199941.3
394.0 , 216.0 , 58.3095207214 , 1 , 1291199941.62
404.0 , 208.0 , 46.0434570312 , 1 , 1291199941.88
406.0 , 212.0 , 47.5078926086 , 1 , 1291199942.1
404.0 , 210.0 , 47.8539428711 , 1 , 1291199942.36
404.0 , 214.0 , 49.6789703369 , 1 , 1291199942.62
404.0 , 208.0 , 45.3431358337 , 1 , 1291199942.83
412.0 , 200.0 , 41.7252922058 , 1 , 1291199943.05
406.0 , 204.0 , 42.7200202942 , 1 , 1291199943.26
404.0 , 216.0 , 51.4781494141 , 1 , 1291199943.47
406.0 , 208.0 , 42.941822052 , 1 , 1291199943.68
404.0 , 210.0 , 48.0832595825 , 1 , 1291199943.89
412.0 , 198.0 , 36.2215423584 , 1 , 1291199944.16
408.0 , 202.0 , 41.1096076965 , 1 , 1291199944.42
404.0 , 216.0 , 51.2445106506 , 1 , 1291199944.63
404.0 , 212.0 , 48.8364601135 , 1 , 1291199944.84
410.0 , 210.0 , 49.6789703369 , 1 , 1291199945.05
404.0 , 212.0 , 49.2442893982 , 1 , 1291199945.27
412.0 , 198.0 , 36.2215423584 , 1 , 1291199945.48
408.0 , 204.0 , 42.755115509 , 1 , 1291199945.74
400.0 , 216.0 , 53.9073295593 , 1 , 1291199946.21
404.0 , 214.0 , 49.5782203674 , 1 , 1291199946.51
402.0 , 210.0 , 45.8911743164 , 1 , 1291199946.72
408.0 , 206.0 , 41.0487518311 , 1 , 1291199946.93
412.0 , 196.0 , 34.3656806946 , 1 , 1291199947.14
404.0 , 206.0 , 44.2040710449 , 1 , 1291199947.35
404.0 , 218.0 , 53.1507301331 , 1 , 1291199947.57
404.0 , 196.0 , 34.9284973145 , 1 , 1291199947.78
406.0 , 204.0 , 43.0116271973 , 1 , 1291199948.1
404.0 , 204.0 , 42.1544761658 , 1 , 1291199948.31
408.0 , 202.0 , 41.1096076965 , 1 , 1291199948.62
404.0 , 216.0 , 50.8035430908 , 1 , 1291199948.84
416.0 , 194.0 , 26.9258232117 , 1 , 1291199949.05
404.0 , 206.0 , 44.2831802368 , 1 , 1291199949.26
404.0 , 202.0 , 40.3112869263 , 1 , 1291199949.47
412.0 , 196.0 , 34.2344856262 , 1 , 1291199949.68
404.0 , 210.0 , 47.5394554138 , 1 , 1291199949.9
402.0 , 204.0 , 41.7731971741 , 1 , 1291199950.16
406.0 , 204.0 , 43.0116271973 , 1 , 1291199950.42
408.0 , 202.0 , 41.1096076965 , 1 , 1291199950.63
404.0 , 210.0 , 47.8016738892 , 1 , 1291199950.85
404.0 , 212.0 , 46.8187980652 , 1 , 1291199951.06
412.0 , 202.0 , 35.468296051 , 1 , 1291199951.27
404.0 , 222.0 , 55.5787734985 , 1 , 1291199951.55
404.0 , 214.0 , 49.1934967041 , 1 , 1291199951.81
404.0 , 212.0 , 48.3011398315 , 1 , 1291199952.03
408.0 , 200.0 , 39.0512466431 , 1 , 1291199952.29
402.0 , 208.0 , 45.6070175171 , 1 , 1291199952.5
404.0 , 210.0 , 48.0104141235 , 1 , 1291199952.71
404.0 , 202.0 , 40.3112869263 , 1 , 1291199953.08
406.0 , 206.0 , 44.7213592529 , 1 , 1291199953.29
412.0 , 196.0 , 34.525352478 , 1 , 1291199953.61
416.0 , 192.0 , 31.2409992218 , 1 , 1291199953.82
404.0 , 204.0 , 42.5440940857 , 1 , 1291199954.08
412.0 , 204.0 , 43.2666168213 , 1 , 1291199954.34
412.0 , 198.0 , 36.3455619812 , 1 , 1291199954.56
408.0 , 204.0 , 42.9534645081 , 1 , 1291199954.77
404.0 , 208.0 , 46.2276954651 , 1 , 1291199954.98
404.0 , 206.0 , 44.2831802368 , 1 , 1291199955.19
408.0 , 206.0 , 41.0121917725 , 1 , 1291199955.41
406.0 , 204.0 , 43.0464859009 , 1 , 1291199955.67
416.0 , 190.0 , 29.6816444397 , 1 , 1291199955.88
414.0 , 194.0 , 32.0624389648 , 1 , 1291199956.09
404.0 , 220.0 , 54.5893745422 , 1 , 1291199956.36
406.0 , 206.0 , 44.7213592529 , 1 , 1291199956.57
420.0 , 190.0 , 27.4590606689 , 1 , 1291199956.78
404.0 , 212.0 , 48.754486084 , 1 , 1291199957.0
412.0 , 208.0 , 46.6690483093 , 1 , 1291199957.21
404.0 , 206.0 , 44.0113639832 , 1 , 1291199957.52
404.0 , 216.0 , 50.7740097046 , 1 , 1291199957.74
408.0 , 210.0 , 44.5533370972 , 1 , 1291199957.95
404.0 , 212.0 , 49.0917510986 , 1 , 1291199958.16
408.0 , 206.0 , 41.0121917725 , 1 , 1291199958.37
404.0 , 206.0 , 44.1814422607 , 1 , 1291199958.58
410.0 , 198.0 , 38.9486846924 , 1 , 1291199958.8
416.0 , 192.0 , 33.5410194397 , 1 , 1291199959.01
406.0 , 212.0 , 46.8721656799 , 1 , 1291199959.32
404.0 , 214.0 , 49.477268219 , 1 , 1291199959.53
418.0 , 190.0 , 28.2842712402 , 1 , 1291199959.75
410.0 , 198.0 , 36.6742401123 , 1 , 1291199959.96
412.0 , 204.0 , 37.6430587769 , 1 , 1291199960.17
404.0 , 218.0 , 53.225933075 , 1 , 1291199960.38
412.0 , 194.0 , 32.2490310669 , 1 , 1291199960.59
404.0 , 214.0 , 49.2442893982 , 1 , 1291199960.8
414.0 , 198.0 , 37.2021522522 , 1 , 1291199961.01
404.0 , 214.0 , 49.8196754456 , 1 , 1291199961.23
416.0 , 196.0 , 34.7131080627 , 1 , 1291199961.44
416.0 , 194.0 , 34.8281478882 , 1 , 1291199961.65
412.0 , 198.0 , 36.3455619812 , 1 , 1291199961.86
412.0 , 198.0 , 36.3455619812 , 1 , 1291199962.07
406.0 , 206.0 , 41.1096076965 , 1 , 1291199962.33
402.0 , 210.0 , 46.7546806335 , 1 , 1291199962.55
404.0 , 218.0 , 53.1601371765 , 1 , 1291199962.76
408.0 , 204.0 , 39.1152153015 , 1 , 1291199962.97
402.0 , 210.0 , 46.0977210999 , 1 , 1291199964.03
404.0 , 200.0 , 38.6264152527 , 1 , 1291199964.24
412.0 , 204.0 , 37.4833297729 , 1 , 1291199964.45
404.0 , 216.0 , 51.429561615 , 1 , 1291199964.66
404.0 , 210.0 , 48.0520553589 , 1 , 1291199964.93
410.0 , 208.0 , 47.8539428711 , 1 , 1291199965.24
404.0 , 210.0 , 47.927028656 , 1 , 1291199965.51
408.0 , 206.0 , 41.036567688 , 1 , 1291199965.72
402.0 , 222.0 , 57.0788917542 , 1 , 1291199965.98
418.0 , 188.0 , 26.4196891785 , 1 , 1291199966.19
404.0 , 206.0 , 44.5533370972 , 1 , 1291199966.4
414.0 , 196.0 , 29.6816444397 , 1 , 1291199966.62
410.0 , 202.0 , 40.3112869263 , 1 , 1291199966.88
406.0 , 210.0 , 44.9221534729 , 1 , 1291199967.09
404.0 , 208.0 , 46.0108680725 , 1 , 1291199967.35
418.0 , 188.0 , 27.0185127258 , 1 , 1291199967.57
412.0 , 198.0 , 36.3455619812 , 1 , 1291199967.78
416.0 , 194.0 , 33.0605506897 , 1 , 1291199967.99
404.0 , 210.0 , 48.0208282471 , 1 , 1291199968.2
418.0 , 192.0 , 30.2324333191 , 1 , 1291199968.41
406.0 , 208.0 , 46.5188140869 , 1 , 1291199968.62
404.0 , 196.0 , 34.9284973145 , 1 , 1291199968.84
406.0 , 208.0 , 46.5295600891 , 1 , 1291199969.05
404.0 , 218.0 , 53.0377235413 , 1 , 1291199969.26
406.0 , 204.0 , 43.0464859009 , 1 , 1291199969.47
414.0 , 198.0 , 36.8781776428 , 1 , 1291199969.79
404.0 , 200.0 , 38.4187469482 , 1 , 1291199970.0
412.0 , 202.0 , 41.8688430786 , 1 , 1291199970.21
404.0 , 206.0 , 44.1021537781 , 1 , 1291199970.42
402.0 , 210.0 , 48.6004104614 , 1 , 1291199970.63
408.0 , 202.0 , 40.8044128418 , 1 , 1291199970.85
404.0 , 214.0 , 50.6063232422 , 1 , 1291199971.06
404.0 , 210.0 , 47.4236221313 , 1 , 1291199971.27
406.0 , 206.0 , 41.0121917725 , 1 , 1291199971.48
404.0 , 200.0 , 38.8329772949 , 1 , 1291199971.74
404.0 , 208.0 , 46.1735839844 , 1 , 1291199971.96
418.0 , 188.0 , 26.4196891785 , 1 , 1291199972.17
410.0 , 200.0 , 40.7921562195 , 1 , 1291199972.38
408.0 , 208.0 , 46.8401527405 , 1 , 1291199972.64
406.0 , 206.0 , 44.7213592529 , 1 , 1291199972.85
420.0 , 190.0 , 27.4590606689 , 1 , 1291199973.07
412.0 , 198.0 , 36.4005508423 , 1 , 1291199973.28
404.0 , 208.0 , 45.8911743164 , 1 , 1291199973.49
404.0 , 222.0 , 53.0754165649 , 2 , 1291199973.72
404.0 , 212.0 , 48.2597122192 , 1 , 1291199973.93
404.0 , 208.0 , 45.2548332214 , 1 , 1291199974.14
408.0 , 204.0 , 39.0128173828 , 1 , 1291199974.45
404.0 , 210.0 , 48.0936584473 , 1 , 1291199974.66
410.0 , 202.0 , 36.2491378784 , 1 , 1291199974.88
410.0 , 202.0 , 36.7967376709 , 1 , 1291199975.09
408.0 , 206.0 , 41.0121917725 , 1 , 1291199975.3
404.0 , 210.0 , 48.0416488647 , 1 , 1291199975.51
408.0 , 202.0 , 40.8533973694 , 1 , 1291199975.72
408.0 , 206.0 , 40.8533973694 , 1 , 1291199975.94
404.0 , 200.0 , 38.587562561 , 1 , 1291199976.15
404.0 , 208.0 , 46.3249397278 , 1 , 1291199976.36
406.0 , 206.0 , 44.7772254944 , 1 , 1291199976.57
406.0 , 204.0 , 43.0464859009 , 1 , 1291199976.78
406.0 , 210.0 , 44.9444084167 , 1 , 1291199977.0
404.0 , 214.0 , 49.6588363647 , 1 , 1291199977.26
404.0 , 214.0 , 49.1934967041 , 1 , 1291199977.52
414.0 , 210.0 , 48.0 , 1 , 1291199977.84
408.0 , 204.0 , 42.9534645081 , 1 , 1291199978.05
408.0 , 200.0 , 39.0512466431 , 1 , 1291199978.42
406.0 , 206.0 , 44.7213592529 , 1 , 1291199978.63
416.0 , 194.0 , 32.5269126892 , 1 , 1291199978.84
408.0 , 206.0 , 41.0 , 1 , 1291199979.11
404.0 , 216.0 , 51.4781494141 , 1 , 1291199979.32
408.0 , 210.0 , 44.5982055664 , 1 , 1291199979.53
406.0 , 210.0 , 48.4664840698 , 1 , 1291199979.74
404.0 , 208.0 , 46.0977210999 , 1 , 1291199979.95
406.0 , 210.0 , 45.0 , 1 , 1291199980.16
408.0 , 208.0 , 42.8018684387 , 1 , 1291199980.37
404.0 , 214.0 , 49.6789703369 , 1 , 1291199980.59
404.0 , 214.0 , 49.648765564 , 1 , 1291199980.8
406.0 , 202.0 , 37.121421814 , 1 , 1291199981.16
404.0 , 214.0 , 49.2442893982 , 1 , 1291199981.43
408.0 , 210.0 , 44.4184646606 , 1 , 1291199981.79
406.0 , 204.0 , 39.0512466431 , 1 , 1291199982.01
414.0 , 198.0 , 38.8973007202 , 1 , 1291199982.22
402.0 , 216.0 , 52.6972503662 , 1 , 1291199982.43
408.0 , 206.0 , 41.036567688 , 1 , 1291199982.71
404.0 , 210.0 , 47.8539428711 , 1 , 1291199982.97
410.0 , 210.0 , 43.2897224426 , 1 , 1291199983.18
412.0 , 208.0 , 46.5295600891 , 1 , 1291199983.44
412.0 , 202.0 , 41.8688430786 , 1 , 1291199983.76
408.0 , 210.0 , 44.5982055664 , 1 , 1291199983.97
404.0 , 208.0 , 46.0434570312 , 1 , 1291199984.23
412.0 , 196.0 , 34.4093017578 , 1 , 1291199984.45
406.0 , 206.0 , 44.9221534729 , 1 , 1291199984.66
404.0 , 206.0 , 44.0454292297 , 1 , 1291199984.87
404.0 , 210.0 , 47.7074432373 , 1 , 1291199985.08
412.0 , 198.0 , 36.2215423584 , 1 , 1291199985.29
404.0 , 208.0 , 45.9673805237 , 1 , 1291199985.51
408.0 , 206.0 , 41.0121917725 , 1 , 1291199985.72
414.0 , 196.0 , 35.3553390503 , 1 , 1291199985.93
418.0 , 192.0 , 30.4795017242 , 1 , 1291199986.14
414.0 , 202.0 , 40.8044128418 , 1 , 1291199986.4
402.0 , 210.0 , 47.5394554138 , 1 , 1291199986.67
410.0 , 202.0 , 40.3112869263 , 1 , 1291199986.88
408.0 , 206.0 , 41.0121917725 , 1 , 1291199987.09
406.0 , 206.0 , 41.1096076965 , 1 , 1291199987.3
404.0 , 206.0 , 44.2831802368 , 1 , 1291199987.52
414.0 , 196.0 , 29.5465736389 , 1 , 1291199987.73
406.0 , 206.0 , 44.9110221863 , 1 , 1291199987.94
414.0 , 196.0 , 29.1547603607 , 1 , 1291199988.15
408.0 , 204.0 , 39.0128173828 , 1 , 1291199988.36
404.0 , 208.0 , 46.0434570312 , 1 , 1291199988.58
404.0 , 208.0 , 46.0651702881 , 1 , 1291199988.79
408.0 , 200.0 , 39.0512466431 , 1 , 1291199989.1
408.0 , 202.0 , 41.0 , 1 , 1291199989.32
410.0 , 206.0 , 46.0977210999 , 1 , 1291199989.58
418.0 , 190.0 , 28.6356430054 , 1 , 1291199989.79
406.0 , 210.0 , 45.6070175171 , 1 , 1291199990.0
412.0 , 212.0 , 50.2493782043 , 1 , 1291199990.27
412.0 , 210.0 , 42.0475921631 , 1 , 1291199990.48
406.0 , 206.0 , 41.036567688 , 1 , 1291199990.69
408.0 , 210.0 , 44.6878051758 , 1 , 1291199990.9
402.0 , 216.0 , 53.0377235413 , 1 , 1291199991.17
404.0 , 216.0 , 50.9313278198 , 1 , 1291199991.43
412.0 , 200.0 , 38.0525970459 , 1 , 1291199991.64
404.0 , 212.0 , 49.648765564 , 1 , 1291199991.86
416.0 , 192.0 , 30.8058433533 , 1 , 1291199992.12
406.0 , 208.0 , 46.3896522522 , 1 , 1291199992.33
404.0 , 206.0 , 44.2718887329 , 1 , 1291199992.64
402.0 , 212.0 , 48.0832595825 , 1 , 1291199992.85
416.0 , 190.0 , 23.3452358246 , 1 , 1291199993.07
404.0 , 206.0 , 43.8634262085 , 1 , 1291199993.33
400.0 , 192.0 , 30.0665931702 , 1 , 1291199993.54
404.0 , 206.0 , 44.2718887329 , 1 , 1291199993.8
402.0 , 214.0 , 50.2095603943 , 1 , 1291199994.01
404.0 , 208.0 , 46.1735839844 , 1 , 1291199994.22
404.0 , 204.0 , 42.4264068604 , 1 , 1291199994.44
404.0 , 206.0 , 44.0454292297 , 1 , 1291199994.65
408.0 , 210.0 , 44.6430282593 , 1 , 1291199994.92
404.0 , 212.0 , 48.6004104614 , 1 , 1291199995.19
406.0 , 208.0 , 46.615447998 , 1 , 1291199995.4
404.0 , 214.0 , 49.7694702148 , 1 , 1291199995.66
402.0 , 206.0 , 43.6806602478 , 1 , 1291199995.87
406.0 , 206.0 , 41.0487518311 , 1 , 1291199996.08
404.0 , 214.0 , 49.2442893982 , 1 , 1291199996.29
404.0 , 210.0 , 47.4236221313 , 1 , 1291199996.51
414.0 , 206.0 , 44.0454292297 , 1 , 1291199996.72
406.0 , 206.0 , 44.7213592529 , 1 , 1291199996.93
408.0 , 206.0 , 41.0121917725 , 1 , 1291199997.14
404.0 , 194.0 , 33.2415390015 , 1 , 1291199997.35
404.0 , 216.0 , 51.4781494141 , 1 , 1291199997.57
412.0 , 200.0 , 38.0525970459 , 1 , 1291199997.88
404.0 , 216.0 , 51.6139526367 , 1 , 1291199998.09
416.0 , 192.0 , 30.8058433533 , 1 , 1291199998.3
404.0 , 208.0 , 46.0434570312 , 1 , 1291199998.52
410.0 , 202.0 , 40.3112869263 , 1 , 1291199998.73
404.0 , 210.0 , 47.8539428711 , 1 , 1291199999.09
402.0 , 214.0 , 51.0881576538 , 1 , 1291199999.3
408.0 , 204.0 , 42.755115509 , 1 , 1291199999.52
404.0 , 210.0 , 47.8016738892 , 1 , 1291199999.73
414.0 , 196.0 , 29.4108829498 , 1 , 1291200000.06
404.0 , 212.0 , 49.4974746704 , 1 , 1291200000.27
404.0 , 212.0 , 49.648765564 , 1 , 1291200000.48
404.0 , 200.0 , 38.6393585205 , 1 , 1291200000.69
404.0 , 210.0 , 48.0104141235 , 1 , 1291200001.03
412.0 , 196.0 , 34.1760139465 , 1 , 1291200001.24
416.0 , 192.0 , 30.8058433533 , 1 , 1291200001.46
414.0 , 194.0 , 33.5410194397 , 1 , 1291200001.67
402.0 , 216.0 , 53.0377235413 , 1 , 1291200001.88
408.0 , 210.0 , 44.5982055664 , 1 , 1291200002.09
404.0 , 208.0 , 46.0977210999 , 1 , 1291200002.3
408.0 , 204.0 , 42.9534645081 , 1 , 1291200002.57
404.0 , 214.0 , 49.0407981873 , 1 , 1291200002.83
402.0 , 210.0 , 46.8721656799 , 1 , 1291200003.04
412.0 , 198.0 , 36.3455619812 , 1 , 1291200003.25
410.0 , 202.0 , 36.3455619812 , 1 , 1291200003.47
402.0 , 206.0 , 43.5660400391 , 1 , 1291200003.73
402.0 , 210.0 , 46.8721656799 , 1 , 1291200003.99
404.0 , 212.0 , 48.1663780212 , 1 , 1291200004.2
402.0 , 214.0 , 50.2493782043 , 1 , 1291200004.47
402.0 , 208.0 , 44.4184646606 , 1 , 1291200004.68
412.0 , 194.0 , 32.2024841309 , 1 , 1291200004.89
402.0 , 206.0 , 43.8634262085 , 1 , 1291200005.22
402.0 , 206.0 , 43.908996582 , 1 , 1291200005.43
404.0 , 208.0 , 46.0977210999 , 1 , 1291200005.64
404.0 , 214.0 , 49.6588363647 , 1 , 1291200005.86
406.0 , 208.0 , 46.5725250244 , 1 , 1291200006.12
404.0 , 208.0 , 46.0651702881 , 1 , 1291200006.38
416.0 , 194.0 , 32.3882713318 , 1 , 1291200006.6
404.0 , 214.0 , 49.2544403076 , 1 , 1291200006.81
410.0 , 208.0 , 48.1040534973 , 1 , 1291200007.02
412.0 , 200.0 , 41.6173057556 , 1 , 1291200007.23
402.0 , 208.0 , 46.5295600891 , 1 , 1291200007.45
412.0 , 202.0 , 35.7351379395 , 1 , 1291200007.66
404.0 , 208.0 , 46.0108680725 , 1 , 1291200007.92
402.0 , 212.0 , 48.5489425659 , 1 , 1291200008.14
412.0 , 208.0 , 46.615447998 , 1 , 1291200008.35
404.0 , 216.0 , 51.4781494141 , 1 , 1291200008.56
408.0 , 206.0 , 40.8533973694 , 1 , 1291200008.77
406.0 , 202.0 , 41.1825218201 , 1 , 1291200008.99
404.0 , 212.0 , 49.5782203674 , 1 , 1291200009.25
404.0 , 216.0 , 51.4781494141 , 1 , 1291200009.46
404.0 , 206.0 , 44.1021537781 , 1 , 1291200009.67
402.0 , 210.0 , 46.8721656799 , 1 , 1291200009.89
412.0 , 198.0 , 36.3593177795 , 1 , 1291200010.1
406.0 , 208.0 , 43.0464859009 , 1 , 1291200010.31
402.0 , 206.0 , 43.1740646362 , 1 , 1291200010.58
408.0 , 206.0 , 41.1096076965 , 1 , 1291200010.85
402.0 , 208.0 , 46.4004325867 , 1 , 1291200011.06
404.0 , 208.0 , 46.0434570312 , 1 , 1291200011.37
418.0 , 188.0 , 27.1661548615 , 1 , 1291200011.59
412.0 , 196.0 , 34.4093017578 , 1 , 1291200011.8
412.0 , 202.0 , 42.0119018555 , 1 , 1291200012.01
406.0 , 208.0 , 46.5295600891 , 1 , 1291200012.23
414.0 , 198.0 , 37.576587677 , 1 , 1291200012.44
402.0 , 214.0 , 50.6951675415 , 1 , 1291200012.7
402.0 , 206.0 , 42.2018966675 , 1 , 1291200012.92
404.0 , 208.0 , 46.0977210999 , 1 , 1291200013.13
408.0 , 212.0 , 46.2276954651 , 1 , 1291200013.35
412.0 , 198.0 , 36.2215423584 , 1 , 1291200013.56
418.0 , 190.0 , 28.6006984711 , 1 , 1291200013.83
384.0 , 428.0 , 67.1192932129 , 2 , 1291200014.05
406.0 , 206.0 , 41.0487518311 , 1 , 1291200014.26
406.0 , 206.0 , 41.0 , 1 , 1291200014.53
412.0 , 196.0 , 34.1760139465 , 1 , 1291200014.74
410.0 , 204.0 , 44.5982055664 , 1 , 1291200014.96
412.0 , 198.0 , 36.3455619812 , 1 , 1291200015.17
404.0 , 196.0 , 35.3553390503 , 1 , 1291200015.39
404.0 , 206.0 , 44.2040710449 , 1 , 1291200015.6
410.0 , 202.0 , 36.4005508423 , 1 , 1291200015.81
404.0 , 212.0 , 49.2442893982 , 1 , 1291200016.03
404.0 , 218.0 , 52.8109855652 , 1 , 1291200016.24
410.0 , 212.0 , 51.2445106506 , 1 , 1291200016.5
402.0 , 204.0 , 39.9249305725 , 1 , 1291200016.72
412.0 , 196.0 , 34.2052612305 , 1 , 1291200016.93
408.0 , 206.0 , 41.036567688 , 1 , 1291200017.14
418.0 , 192.0 , 31.9530906677 , 1 , 1291200017.41
412.0 , 196.0 , 34.2344856262 , 1 , 1291200017.62
402.0 , 208.0 , 45.188495636 , 1 , 1291200017.83
404.0 , 202.0 , 40.6078796387 , 1 , 1291200018.15
408.0 , 214.0 , 48.0832595825 , 1 , 1291200018.36
404.0 , 212.0 , 48.7954902649 , 1 , 1291200018.57
402.0 , 212.0 , 47.927028656 , 1 , 1291200018.79
404.0 , 206.0 , 43.9658966064 , 1 , 1291200019.0
402.0 , 206.0 , 43.3820228577 , 1 , 1291200019.21
410.0 , 202.0 , 38.2753181458 , 1 , 1291200019.42
412.0 , 198.0 , 36.3455619812 , 1 , 1291200019.64
404.0 , 204.0 , 42.1544761658 , 1 , 1291200019.85
396.0 , 222.0 , 60.671245575 , 1 , 1291200020.06
412.0 , 200.0 , 41.6173057556 , 1 , 1291200020.28
412.0 , 200.0 , 38.0525970459 , 1 , 1291200020.49
406.0 , 204.0 , 43.0116271973 , 1 , 1291200020.7
404.0 , 202.0 , 40.4474983215 , 1 , 1291200020.92
412.0 , 206.0 , 39.0512466431 , 1 , 1291200021.13
414.0 , 196.0 , 29.1547603607 , 1 , 1291200021.39
408.0 , 208.0 , 42.9534645081 , 1 , 1291200021.62
402.0 , 218.0 , 54.0370254517 , 1 , 1291200021.83
412.0 , 200.0 , 38.0525970459 , 1 , 1291200022.05
404.0 , 200.0 , 38.8973007202 , 1 , 1291200022.26
404.0 , 212.0 , 47.0744094849 , 1 , 1291200022.47
418.0 , 204.0 , 43.2666168213 , 1 , 1291200022.7
410.0 , 202.0 , 36.2353401184 , 1 , 1291200022.91
402.0 , 214.0 , 51.0391998291 , 1 , 1291200023.12
408.0 , 206.0 , 41.0487518311 , 1 , 1291200023.39
410.0 , 202.0 , 36.3455619812 , 1 , 1291200023.71
406.0 , 212.0 , 47.010635376 , 1 , 1291200023.97
404.0 , 206.0 , 44.294467926 , 1 , 1291200024.18
404.0 , 210.0 , 47.7074432373 , 1 , 1291200024.4
408.0 , 208.0 , 46.8721656799 , 1 , 1291200024.71
406.0 , 206.0 , 44.7213592529 , 1 , 1291200024.93
406.0 , 204.0 , 43.0464859009 , 1 , 1291200025.14
412.0 , 196.0 , 34.1760139465 , 1 , 1291200025.35
404.0 , 206.0 , 44.0454292297 , 1 , 1291200025.57
406.0 , 204.0 , 43.0813179016 , 1 , 1291200025.88
412.0 , 198.0 , 36.3593177795 , 1 , 1291200026.1
398.0 , 218.0 , 56.7274169922 , 1 , 1291200026.31
404.0 , 208.0 , 46.0977210999 , 1 , 1291200026.52
412.0 , 204.0 , 37.4833297729 , 1 , 1291200026.74
408.0 , 204.0 , 39.0512466431 , 1 , 1291200026.95
404.0 , 214.0 , 49.0407981873 , 1 , 1291200027.17
404.0 , 200.0 , 38.8329772949 , 1 , 1291200027.43
412.0 , 200.0 , 38.0525970459 , 1 , 1291200027.65
404.0 , 212.0 , 49.4064788818 , 1 , 1291200027.86
404.0 , 208.0 , 46.270942688 , 1 , 1291200028.07
400.0 , 192.0 , 30.0166625977 , 1 , 1291200028.34
404.0 , 214.0 , 49.2442893982 , 1 , 1291200028.55
404.0 , 214.0 , 50.8035430908 , 1 , 1291200028.81
406.0 , 208.0 , 46.5725250244 , 1 , 1291200029.03
412.0 , 204.0 , 37.3363075256 , 1 , 1291200029.24
404.0 , 216.0 , 51.4781494141 , 1 , 1291200029.45
404.0 , 218.0 , 53.0754165649 , 1 , 1291200029.67
416.0 , 190.0 , 29.1547603607 , 1 , 1291200029.88
412.0 , 200.0 , 38.1182365417 , 1 , 1291200030.15
416.0 , 194.0 , 32.5576400757 , 1 , 1291200030.36
400.0 , 216.0 , 53.413482666 , 1 , 1291200030.68
406.0 , 206.0 , 44.7772254944 , 1 , 1291200030.89
416.0 , 192.0 , 30.8058433533 , 1 , 1291200031.1
408.0 , 212.0 , 46.1735839844 , 1 , 1291200031.31
404.0 , 206.0 , 44.0454292297 , 1 , 1291200031.53
402.0 , 220.0 , 55.2268066406 , 1 , 1291200031.74
412.0 , 200.0 , 38.0525970459 , 1 , 1291200032.01
404.0 , 208.0 , 45.9673805237 , 1 , 1291200032.22
404.0 , 208.0 , 46.0651702881 , 1 , 1291200032.43
412.0 , 208.0 , 46.6690483093 , 1 , 1291200032.65
412.0 , 204.0 , 37.4432907104 , 1 , 1291200032.91
404.0 , 212.0 , 48.2597122192 , 1 , 1291200033.12
402.0 , 206.0 , 44.407207489 , 1 , 1291200033.44
408.0 , 204.0 , 39.0512466431 , 1 , 1291200033.66
408.0 , 198.0 , 36.8917350769 , 1 , 1291200033.87
406.0 , 204.0 , 43.0116271973 , 1 , 1291200034.08
404.0 , 210.0 , 47.8539428711 , 1 , 1291200034.35
406.0 , 210.0 , 45.0 , 1 , 1291200034.56
184.0 , 226.0 , 109.370925903 , 5 , 1291200034.81
404.0 , 210.0 , 47.7074432373 , 1 , 1291200035.02
402.0 , 212.0 , 48.3321838379 , 1 , 1291200035.23
414.0 , 200.0 , 39.0512466431 , 1 , 1291200035.45
404.0 , 198.0 , 36.7695541382 , 1 , 1291200035.66
410.0 , 204.0 , 44.6430282593 , 1 , 1291200035.87
406.0 , 204.0 , 43.0116271973 , 1 , 1291200036.09
404.0 , 212.0 , 46.9574279785 , 1 , 1291200036.3
416.0 , 192.0 , 33.1058921814 , 1 , 1291200036.51
412.0 , 204.0 , 43.0464859009 , 1 , 1291200036.73
408.0 , 210.0 , 44.7213592529 , 1 , 1291200036.94
404.0 , 218.0 , 53.0377235413 , 1 , 1291200037.15
414.0 , 194.0 , 33.6005935669 , 1 , 1291200037.37
402.0 , 208.0 , 45.1220550537 , 1 , 1291200037.58
404.0 , 202.0 , 40.3112869263 , 1 , 1291200037.79
408.0 , 206.0 , 41.1096076965 , 1 , 1291200038.06
408.0 , 208.0 , 47.010635376 , 1 , 1291200038.27
412.0 , 206.0 , 44.9444084167 , 1 , 1291200038.54
406.0 , 204.0 , 43.0464859009 , 1 , 1291200038.75
404.0 , 212.0 , 48.2597122192 , 1 , 1291200038.96
406.0 , 204.0 , 43.0116271973 , 1 , 1291200039.17
404.0 , 208.0 , 46.1410865784 , 1 , 1291200039.44
412.0 , 204.0 , 37.4432907104 , 1 , 1291200039.65
408.0 , 200.0 , 35.1710090637 , 1 , 1291200039.87
412.0 , 200.0 , 38.0131568909 , 1 , 1291200040.08
406.0 , 204.0 , 43.0464859009 , 1 , 1291200040.29
404.0 , 204.0 , 42.2018966675 , 1 , 1291200040.5
416.0 , 192.0 , 30.8868904114 , 1 , 1291200040.72
412.0 , 196.0 , 34.4093017578 , 1 , 1291200040.93
410.0 , 208.0 , 47.927028656 , 1 , 1291200041.14
402.0 , 204.0 , 41.6773338318 , 1 , 1291200041.36
404.0 , 210.0 , 47.7074432373 , 1 , 1291200041.62
406.0 , 204.0 , 43.1393089294 , 1 , 1291200041.84
408.0 , 210.0 , 44.407207489 , 1 , 1291200042.1
412.0 , 204.0 , 43.4165878296 , 1 , 1291200042.37
406.0 , 206.0 , 44.7772254944 , 1 , 1291200042.63
404.0 , 208.0 , 46.1735839844 , 1 , 1291200042.84
404.0 , 218.0 , 53.1601371765 , 1 , 1291200043.06
404.0 , 208.0 , 46.0434570312 , 1 , 1291200043.33
404.0 , 212.0 , 48.1040534973 , 1 , 1291200043.55
410.0 , 206.0 , 46.3249397278 , 1 , 1291200043.81
406.0 , 204.0 , 42.7200202942 , 1 , 1291200044.02
412.0 , 200.0 , 38.0131568909 , 1 , 1291200044.34
402.0 , 210.0 , 48.0936584473 , 1 , 1291200044.55
406.0 , 204.0 , 39.2045898438 , 1 , 1291200044.76
398.0 , 220.0 , 58.3095207214 , 1 , 1291200045.19
402.0 , 206.0 , 43.6004600525 , 1 , 1291200045.45
412.0 , 198.0 , 36.3455619812 , 1 , 1291200045.66
406.0 , 200.0 , 35.1710090637 , 1 , 1291200045.93
404.0 , 196.0 , 34.7850532532 , 1 , 1291200046.14
412.0 , 190.0 , 28.3019428253 , 1 , 1291200046.35
404.0 , 208.0 , 46.0108680725 , 1 , 1291200046.57
408.0 , 208.0 , 42.9534645081 , 1 , 1291200046.78
416.0 , 192.0 , 30.5286750793 , 1 , 1291200046.99
404.0 , 210.0 , 48.0520553589 , 1 , 1291200047.2
412.0 , 200.0 , 38.0525970459 , 1 , 1291200047.47
402.0 , 212.0 , 49.4974746704 , 1 , 1291200047.68
406.0 , 204.0 , 39.0512466431 , 1 , 1291200047.9
404.0 , 198.0 , 36.6742401123 , 1 , 1291200048.11
404.0 , 200.0 , 38.6005172729 , 1 , 1291200048.32
404.0 , 218.0 , 53.1507301331 , 1 , 1291200048.54
404.0 , 204.0 , 42.1544761658 , 1 , 1291200048.75
404.0 , 198.0 , 36.4965744019 , 1 , 1291200048.96
402.0 , 206.0 , 42.941822052 , 1 , 1291200049.18
404.0 , 196.0 , 34.6554450989 , 1 , 1291200049.39
402.0 , 208.0 , 44.9444084167 , 1 , 1291200049.6
404.0 , 216.0 , 51.4781494141 , 1 , 1291200049.86
402.0 , 210.0 , 46.7546806335 , 1 , 1291200050.08
404.0 , 210.0 , 47.4236221313 , 1 , 1291200050.34
412.0 , 196.0 , 34.1760139465 , 1 , 1291200050.55
404.0 , 212.0 , 48.5489425659 , 1 , 1291200050.77
404.0 , 208.0 , 46.1735839844 , 1 , 1291200050.98
404.0 , 212.0 , 47.4341659546 , 1 , 1291200051.19
404.0 , 206.0 , 44.2831802368 , 1 , 1291200051.4
404.0 , 212.0 , 46.7546806335 , 1 , 1291200051.62
414.0 , 196.0 , 29.6984844208 , 1 , 1291200051.83
404.0 , 210.0 , 48.0832595825 , 1 , 1291200052.04
404.0 , 204.0 , 42.4499702454 , 1 , 1291200052.31
406.0 , 204.0 , 42.9534645081 , 1 , 1291200052.52
418.0 , 188.0 , 27.0185127258 , 1 , 1291200052.73
404.0 , 216.0 , 51.4781494141 , 1 , 1291200053.0
412.0 , 198.0 , 39.8246154785 , 1 , 1291200053.21
412.0 , 196.0 , 34.525352478 , 1 , 1291200053.42
404.0 , 212.0 , 48.1663780212 , 1 , 1291200053.63
404.0 , 202.0 , 40.1995010376 , 1 , 1291200053.95
404.0 , 214.0 , 49.8196754456 , 1 , 1291200054.21
406.0 , 208.0 , 46.5295600891 , 1 , 1291200054.48
404.0 , 202.0 , 40.3112869263 , 1 , 1291200054.69
406.0 , 206.0 , 44.9221534729 , 1 , 1291200054.91
414.0 , 202.0 , 40.8166618347 , 1 , 1291200055.12
404.0 , 206.0 , 44.1021537781 , 1 , 1291200055.33
404.0 , 204.0 , 42.4264068604 , 1 , 1291200055.65
404.0 , 210.0 , 47.7074432373 , 1 , 1291200055.86
402.0 , 204.0 , 41.976184845 , 1 , 1291200056.07
412.0 , 208.0 , 40.4969139099 , 1 , 1291200056.34
410.0 , 204.0 , 38.587562561 , 1 , 1291200056.55
414.0 , 196.0 , 29.2745628357 , 1 , 1291200056.76
404.0 , 200.0 , 38.3275375366 , 1 , 1291200056.97
404.0 , 216.0 , 51.4781494141 , 1 , 1291200057.19
404.0 , 214.0 , 49.6588363647 , 1 , 1291200057.4
402.0 , 206.0 , 43.0464859009 , 1 , 1291200057.66
404.0 , 212.0 , 49.7393188477 , 1 , 1291200057.93
412.0 , 196.0 , 34.2344856262 , 1 , 1291200058.14
404.0 , 198.0 , 36.3593177795 , 1 , 1291200058.61
416.0 , 194.0 , 32.5576400757 , 1 , 1291200058.82
404.0 , 196.0 , 34.9284973145 , 1 , 1291200059.03
412.0 , 210.0 , 48.270072937 , 1 , 1291200059.25
404.0 , 216.0 , 51.429561615 , 1 , 1291200059.46
412.0 , 202.0 , 35.5105628967 , 1 , 1291200059.67
414.0 , 198.0 , 31.3847103119 , 1 , 1291200059.88
412.0 , 200.0 , 38.0788650513 , 1 , 1291200060.09
398.0 , 208.0 , 57.008769989 , 1 , 1291200060.36
412.0 , 196.0 , 34.1760139465 , 1 , 1291200060.57
408.0 , 206.0 , 41.036567688 , 1 , 1291200060.81
404.0 , 214.0 , 49.2442893982 , 1 , 1291200061.02
402.0 , 206.0 , 43.5660400391 , 1 , 1291200061.24
408.0 , 206.0 , 41.036567688 , 1 , 1291200061.45
404.0 , 216.0 , 51.2445106506 , 1 , 1291200061.66
412.0 , 202.0 , 41.8688430786 , 1 , 1291200061.87
408.0 , 210.0 , 44.5982055664 , 1 , 1291200062.08
406.0 , 204.0 , 43.0116271973 , 1 , 1291200062.35
404.0 , 198.0 , 36.6742401123 , 1 , 1291200062.56
404.0 , 208.0 , 46.0977210999 , 1 , 1291200062.77
404.0 , 210.0 , 47.8852806091 , 1 , 1291200062.98
404.0 , 194.0 , 33.1058921814 , 1 , 1291200063.2
412.0 , 202.0 , 41.7252922058 , 1 , 1291200063.41
404.0 , 204.0 , 42.107006073 , 1 , 1291200063.62
408.0 , 200.0 , 39.2173423767 , 1 , 1291200063.88
402.0 , 206.0 , 43.5660400391 , 1 , 1291200064.15
412.0 , 198.0 , 36.1247825623 , 1 , 1291200064.36
398.0 , 212.0 , 45.2769241333 , 1 , 1291200064.57
404.0 , 206.0 , 44.1021537781 , 1 , 1291200064.83
404.0 , 206.0 , 44.1814422607 , 1 , 1291200065.05
408.0 , 200.0 , 35.1283378601 , 1 , 1291200065.26
414.0 , 202.0 , 40.8044128418 , 1 , 1291200065.47
414.0 , 198.0 , 37.2021522522 , 1 , 1291200065.68
406.0 , 204.0 , 42.7200202942 , 1 , 1291200065.95
404.0 , 216.0 , 51.4781494141 , 1 , 1291200066.16
416.0 , 192.0 , 31.2409992218 , 1 , 1291200066.37
404.0 , 210.0 , 47.8539428711 , 1 , 1291200066.58
404.0 , 212.0 , 49.7393188477 , 1 , 1291200066.79
404.0 , 202.0 , 40.5215988159 , 1 , 1291200067.06
414.0 , 200.0 , 39.2937660217 , 1 , 1291200067.27
404.0 , 202.0 , 40.3112869263 , 1 , 1291200067.48
412.0 , 198.0 , 32.0156211853 , 1 , 1291200067.69
408.0 , 206.0 , 41.0121917725 , 1 , 1291200067.97
416.0 , 194.0 , 32.6496543884 , 1 , 1291200068.18
412.0 , 198.0 , 36.2215423584 , 1 , 1291200068.39
410.0 , 202.0 , 36.3455619812 , 1 , 1291200068.6
410.0 , 202.0 , 36.3455619812 , 1 , 1291200068.82
404.0 , 214.0 , 49.2036590576 , 1 , 1291200069.03
404.0 , 214.0 , 49.9299507141 , 1 , 1291200069.24
412.0 , 200.0 , 41.6173057556 , 1 , 1291200069.5
402.0 , 216.0 , 53.0754165649 , 1 , 1291200069.71
406.0 , 206.0 , 44.6430282593 , 1 , 1291200069.98
412.0 , 198.0 , 36.2215423584 , 1 , 1291200070.19
416.0 , 190.0 , 29.4108829498 , 1 , 1291200070.4
404.0 , 208.0 , 46.0108680725 , 1 , 1291200070.61
408.0 , 212.0 , 46.0651702881 , 1 , 1291200070.82
414.0 , 202.0 , 40.5215988159 , 1 , 1291200071.04
412.0 , 202.0 , 41.8688430786 , 1 , 1291200071.25
404.0 , 204.0 , 42.4264068604 , 1 , 1291200071.46
408.0 , 208.0 , 43.0 , 1 , 1291200071.67
404.0 , 220.0 , 34.3656806946 , 1 , 1291200071.94
402.0 , 218.0 , 53.6003723145 , 1 , 1291200072.15
408.0 , 200.0 , 35.2278289795 , 1 , 1291200072.37
420.0 , 188.0 , 25.942243576 , 1 , 1291200072.58
404.0 , 210.0 , 47.8539428711 , 1 , 1291200072.79
412.0 , 200.0 , 39.9624824524 , 1 , 1291200073.06
412.0 , 196.0 , 34.1760139465 , 1 , 1291200073.27
418.0 , 198.0 , 35.3411941528 , 1 , 1291200073.53
404.0 , 208.0 , 46.0977210999 , 1 , 1291200073.8
408.0 , 206.0 , 41.036567688 , 1 , 1291200074.01
412.0 , 196.0 , 38.0788650513 , 1 , 1291200074.22
412.0 , 202.0 , 35.468296051 , 1 , 1291200074.43
404.0 , 212.0 , 46.8721656799 , 1 , 1291200074.64
406.0 , 204.0 , 43.0116271973 , 1 , 1291200074.85
410.0 , 196.0 , 34.7850532532 , 1 , 1291200075.06
404.0 , 208.0 , 46.4004325867 , 1 , 1291200075.33
404.0 , 208.0 , 45.6179771423 , 1 , 1291200075.54
414.0 , 200.0 , 38.9101524353 , 1 , 1291200075.75
404.0 , 216.0 , 51.429561615 , 1 , 1291200076.07
404.0 , 208.0 , 46.0977210999 , 1 , 1291200076.28
404.0 , 210.0 , 48.1663780212 , 1 , 1291200076.49
412.0 , 204.0 , 43.1856460571 , 1 , 1291200076.71
404.0 , 208.0 , 46.0108680725 , 1 , 1291200076.96
416.0 , 192.0 , 30.8058433533 , 1 , 1291200077.18
406.0 , 206.0 , 44.7213592529 , 1 , 1291200077.39
408.0 , 206.0 , 41.0121917725 , 1 , 1291200077.65
416.0 , 192.0 , 30.8058433533 , 1 , 1291200077.87
408.0 , 212.0 , 46.2385139465 , 1 , 1291200078.14
406.0 , 206.0 , 44.7213592529 , 1 , 1291200078.35
406.0 , 206.0 , 41.0487518311 , 1 , 1291200078.56
404.0 , 208.0 , 46.0108680725 , 1 , 1291200078.77
400.0 , 184.0 , 22.0907211304 , 1 , 1291200079.04
410.0 , 202.0 , 36.4005508423 , 1 , 1291200079.3
414.0 , 196.0 , 35.2278289795 , 1 , 1291200079.51
414.0 , 196.0 , 29.4108829498 , 1 , 1291200079.72
406.0 , 206.0 , 44.6430282593 , 1 , 1291200079.94
410.0 , 208.0 , 41.7612266541 , 1 , 1291200080.15
404.0 , 216.0 , 50.6951675415 , 1 , 1291200080.36
402.0 , 212.0 , 49.0917510986 , 1 , 1291200080.57
406.0 , 208.0 , 43.0464859009 , 1 , 1291200080.78
408.0 , 204.0 , 39.0 , 1 , 1291200081.0
406.0 , 208.0 , 43.0116271973 , 1 , 1291200081.21
412.0 , 198.0 , 36.1247825623 , 1 , 1291200081.42
404.0 , 214.0 , 49.5176734924 , 1 , 1291200081.68
416.0 , 192.0 , 30.8058433533 , 1 , 1291200081.89
404.0 , 196.0 , 34.7131080627 , 1 , 1291200082.11
410.0 , 202.0 , 36.3593177795 , 1 , 1291200082.37
404.0 , 222.0 , 57.0350761414 , 1 , 1291200082.58
412.0 , 204.0 , 37.4833297729 , 1 , 1291200082.79
404.0 , 204.0 , 42.5440940857 , 1 , 1291200083.0
408.0 , 200.0 , 39.0512466431 , 1 , 1291200083.28
404.0 , 214.0 , 49.3963546753 , 1 , 1291200083.49
412.0 , 194.0 , 32.3109893799 , 1 , 1291200083.7
402.0 , 204.0 , 41.976184845 , 1 , 1291200083.92
404.0 , 210.0 , 48.0416488647 , 1 , 1291200084.13
408.0 , 206.0 , 41.0121917725 , 1 , 1291200084.34
404.0 , 222.0 , 56.356010437 , 1 , 1291200084.55
400.0 , 218.0 , 54.6259994507 , 1 , 1291200084.76
404.0 , 202.0 , 40.3608703613 , 1 , 1291200084.98
410.0 , 202.0 , 40.3112869263 , 1 , 1291200085.19
412.0 , 202.0 , 42.0119018555 , 1 , 1291200085.45
404.0 , 216.0 , 52.0 , 1 , 1291200085.66
404.0 , 212.0 , 46.6904716492 , 1 , 1291200085.93
414.0 , 202.0 , 40.7062644958 , 1 , 1291200086.14
404.0 , 204.0 , 42.1900444031 , 1 , 1291200086.45
404.0 , 216.0 , 51.6236381531 , 1 , 1291200086.66
404.0 , 210.0 , 48.0 , 1 , 1291200087.08
404.0 , 210.0 , 48.0832595825 , 1 , 1291200087.35
404.0 , 210.0 , 47.5078926086 , 1 , 1291200087.56
412.0 , 200.0 , 38.0788650513 , 1 , 1291200087.77
402.0 , 196.0 , 34.1320953369 , 1 , 1291200087.98
402.0 , 208.0 , 46.6690483093 , 1 , 1291200088.2
412.0 , 200.0 , 38.0131568909 , 1 , 1291200088.41
408.0 , 204.0 , 39.2045898438 , 1 , 1291200088.62
404.0 , 218.0 , 53.0094337463 , 1 , 1291200088.83
402.0 , 208.0 , 44.9221534729 , 1 , 1291200089.05
402.0 , 212.0 , 50.2095603943 , 1 , 1291200089.26
404.0 , 208.0 , 46.1735839844 , 1 , 1291200089.47
404.0 , 206.0 , 44.0454292297 , 1 , 1291200089.84
406.0 , 204.0 , 39.0512466431 , 1 , 1291200090.15
404.0 , 208.0 , 46.0977210999 , 1 , 1291200090.36
404.0 , 210.0 , 48.0416488647 , 1 , 1291200090.57
404.0 , 216.0 , 50.8035430908 , 1 , 1291200090.79
410.0 , 208.0 , 48.1040534973 , 1 , 1291200091.0
404.0 , 202.0 , 40.3112869263 , 1 , 1291200091.26
404.0 , 214.0 , 49.2442893982 , 1 , 1291200091.47
402.0 , 214.0 , 50.6951675415 , 1 , 1291200091.69
402.0 , 210.0 , 48.0936584473 , 1 , 1291200091.9
412.0 , 198.0 , 40.2243690491 , 1 , 1291200092.11
406.0 , 206.0 , 44.7772254944 , 1 , 1291200092.32
402.0 , 204.0 , 42.0119018555 , 1 , 1291200092.53
412.0 , 200.0 , 38.0788650513 , 1 , 1291200092.74
408.0 , 210.0 , 44.6542282104 , 1 , 1291200092.96
404.0 , 210.0 , 48.1040534973 , 1 , 1291200093.17
404.0 , 208.0 , 45.9673805237 , 1 , 1291200093.38
410.0 , 206.0 , 46.2276954651 , 1 , 1291200093.59
412.0 , 192.0 , 30.2324333191 , 1 , 1291200093.8
402.0 , 214.0 , 51.0881576538 , 1 , 1291200094.01
414.0 , 194.0 , 35.5105628967 , 1 , 1291200094.23
414.0 , 200.0 , 39.2045898438 , 1 , 1291200094.44
418.0 , 188.0 , 26.4196891785 , 1 , 1291200094.65
402.0 , 212.0 , 49.6789703369 , 1 , 1291200094.86
404.0 , 194.0 , 29.1204395294 , 1 , 1291200095.07
412.0 , 198.0 , 36.3455619812 , 1 , 1291200095.29
410.0 , 200.0 , 42.5440940857 , 1 , 1291200095.5
406.0 , 204.0 , 43.0464859009 , 1 , 1291200095.71
412.0 , 196.0 , 34.1760139465 , 1 , 1291200095.92
404.0 , 210.0 , 48.0104141235 , 1 , 1291200096.13
414.0 , 196.0 , 35.5105628967 , 1 , 1291200096.4
404.0 , 212.0 , 47.0956459045 , 1 , 1291200096.61
412.0 , 204.0 , 43.4165878296 , 1 , 1291200096.82
402.0 , 210.0 , 46.8401527405 , 1 , 1291200097.03
402.0 , 218.0 , 54.0370254517 , 1 , 1291200097.24
416.0 , 192.0 , 30.8058433533 , 1 , 1291200097.51
412.0 , 198.0 , 36.2215423584 , 1 , 1291200097.72
412.0 , 200.0 , 38.0131568909 , 1 , 1291200097.93
404.0 , 202.0 , 40.1995010376 , 1 , 1291200098.14
404.0 , 200.0 , 38.3275375366 , 1 , 1291200098.35
408.0 , 204.0 , 39.0512466431 , 1 , 1291200098.62
410.0 , 202.0 , 36.2491378784 , 1 , 1291200098.83
404.0 , 206.0 , 44.2718887329 , 1 , 1291200099.04
404.0 , 210.0 , 47.7074432373 , 1 , 1291200099.25
406.0 , 202.0 , 41.1460800171 , 1 , 1291200099.46
408.0 , 202.0 , 37.121421814 , 1 , 1291200099.68
402.0 , 210.0 , 46.3249397278 , 1 , 1291200099.89
408.0 , 204.0 , 42.7200202942 , 1 , 1291200100.15
412.0 , 204.0 , 43.2666168213 , 1 , 1291200100.36
408.0 , 206.0 , 41.0121917725 , 1 , 1291200100.58
410.0 , 202.0 , 36.6196670532 , 1 , 1291200100.84
406.0 , 206.0 , 41.0487518311 , 1 , 1291200101.05
402.0 , 206.0 , 43.4165878296 , 1 , 1291200101.26
412.0 , 200.0 , 38.0525970459 , 1 , 1291200101.54
412.0 , 200.0 , 41.5932693481 , 1 , 1291200101.8
404.0 , 214.0 , 49.2442893982 , 1 , 1291200102.01
406.0 , 210.0 , 45.0111083984 , 1 , 1291200102.22
404.0 , 206.0 , 44.2040710449 , 1 , 1291200102.44
406.0 , 206.0 , 44.8218688965 , 1 , 1291200102.65
410.0 , 196.0 , 34.4383506775 , 1 , 1291200102.86
410.0 , 202.0 , 36.3593177795 , 1 , 1291200103.17
412.0 , 198.0 , 36.2215423584 , 1 , 1291200103.39
416.0 , 192.0 , 30.8058433533 , 1 , 1291200103.6
404.0 , 208.0 , 46.0108680725 , 1 , 1291200103.81
406.0 , 206.0 , 44.7772254944 , 1 , 1291200104.02
412.0 , 198.0 , 32.0624389648 , 1 , 1291200104.23
406.0 , 212.0 , 47.0 , 1 , 1291200104.44
412.0 , 196.0 , 34.4093017578 , 1 , 1291200104.86
412.0 , 198.0 , 36.0555114746 , 1 , 1291200105.13
412.0 , 200.0 , 39.8246154785 , 1 , 1291200105.34
404.0 , 216.0 , 51.400390625 , 1 , 1291200105.55
404.0 , 212.0 , 49.0917510986 , 1 , 1291200105.81
412.0 , 200.0 , 41.6773338318 , 1 , 1291200106.02
404.0 , 212.0 , 48.7031822205 , 1 , 1291200106.24
398.0 , 220.0 , 58.2494621277 , 1 , 1291200106.45
416.0 , 192.0 , 30.8058433533 , 1 , 1291200106.66
406.0 , 204.0 , 42.9534645081 , 1 , 1291200106.87
414.0 , 198.0 , 31.1448230743 , 1 , 1291200107.09
406.0 , 210.0 , 44.8218688965 , 1 , 1291200107.3
404.0 , 208.0 , 45.8911743164 , 1 , 1291200107.51
404.0 , 202.0 , 40.3112869263 , 1 , 1291200107.72
404.0 , 210.0 , 47.4236221313 , 1 , 1291200107.94
404.0 , 208.0 , 46.0108680725 , 1 , 1291200108.15
406.0 , 208.0 , 43.0464859009 , 1 , 1291200108.36
416.0 , 190.0 , 28.6356430054 , 1 , 1291200108.62
412.0 , 200.0 , 41.6773338318 , 1 , 1291200108.84
416.0 , 196.0 , 34.525352478 , 1 , 1291200109.05
404.0 , 216.0 , 51.8555679321 , 1 , 1291200109.26
404.0 , 202.0 , 40.3112869263 , 1 , 1291200109.47
412.0 , 206.0 , 39.2045898438 , 1 , 1291200109.73
410.0 , 206.0 , 46.0977210999 , 1 , 1291200109.95
412.0 , 200.0 , 33.9411239624 , 1 , 1291200110.16
404.0 , 204.0 , 41.8807830811 , 1 , 1291200110.37
412.0 , 196.0 , 34.1760139465 , 1 , 1291200110.58
406.0 , 204.0 , 43.0116271973 , 1 , 1291200110.95
408.0 , 200.0 , 38.9101524353 , 1 , 1291200111.16
406.0 , 204.0 , 43.0464859009 , 1 , 1291200111.43
404.0 , 202.0 , 40.4969139099 , 1 , 1291200111.64
404.0 , 210.0 , 48.0416488647 , 1 , 1291200111.95
404.0 , 212.0 , 49.2442893982 , 1 , 1291200112.22
404.0 , 212.0 , 49.477268219 , 1 , 1291200112.43
418.0 , 188.0 , 26.4196891785 , 1 , 1291200112.74
406.0 , 204.0 , 43.0116271973 , 1 , 1291200112.96
402.0 , 206.0 , 43.4626274109 , 1 , 1291200113.42
404.0 , 212.0 , 48.7954902649 , 1 , 1291200113.63
406.0 , 202.0 , 41.1096076965 , 1 , 1291200113.9
404.0 , 206.0 , 44.2831802368 , 1 , 1291200114.12
402.0 , 208.0 , 45.1774291992 , 1 , 1291200114.38
414.0 , 206.0 , 44.1021537781 , 1 , 1291200114.59
406.0 , 210.0 , 45.6508483887 , 1 , 1291200114.8
412.0 , 200.0 , 38.0525970459 , 1 , 1291200115.01
404.0 , 204.0 , 42.1544761658 , 1 , 1291200115.28
404.0 , 208.0 , 46.0434570312 , 1 , 1291200115.49
404.0 , 208.0 , 46.0651702881 , 1 , 1291200115.7
402.0 , 210.0 , 48.2597122192 , 1 , 1291200115.91
404.0 , 210.0 , 47.7074432373 , 1 , 1291200116.12
404.0 , 216.0 , 51.429561615 , 1 , 1291200116.54
404.0 , 196.0 , 34.8855285645 , 1 , 1291200116.76
404.0 , 214.0 , 49.8196754456 , 1 , 1291200116.97
416.0 , 192.0 , 31.2409992218 , 1 , 1291200117.18
406.0 , 206.0 , 44.6542282104 , 1 , 1291200117.39
404.0 , 216.0 , 51.1957015991 , 1 , 1291200117.6
410.0 , 202.0 , 37.8549880981 , 1 , 1291200117.81
410.0 , 208.0 , 41.7731971741 , 1 , 1291200118.03
404.0 , 216.0 , 52.1536178589 , 1 , 1291200118.24
406.0 , 204.0 , 42.7200202942 , 1 , 1291200118.5
412.0 , 204.0 , 43.2781715393 , 1 , 1291200118.71
412.0 , 200.0 , 41.7612266541 , 1 , 1291200118.99
408.0 , 206.0 , 41.036567688 , 1 , 1291200119.2
412.0 , 202.0 , 42.4264068604 , 1 , 1291200119.41
412.0 , 198.0 , 40.3112869263 , 1 , 1291200119.62
404.0 , 200.0 , 38.4837646484 , 1 , 1291200119.84
410.0 , 202.0 , 42.4264068604 , 1 , 1291200120.05
404.0 , 214.0 , 50.4479942322 , 1 , 1291200120.31
416.0 , 192.0 , 30.8058433533 , 1 , 1291200120.53
402.0 , 210.0 , 46.4865570068 , 1 , 1291200120.74
404.0 , 208.0 , 46.1410865784 , 1 , 1291200120.97
398.0 , 218.0 , 56.3027534485 , 1 , 1291200121.19
414.0 , 196.0 , 29.7321376801 , 1 , 1291200121.45
412.0 , 200.0 , 38.0525970459 , 1 , 1291200121.66
404.0 , 194.0 , 29.1547603607 , 1 , 1291200121.88
404.0 , 208.0 , 46.0108680725 , 1 , 1291200122.09
406.0 , 206.0 , 44.7772254944 , 1 , 1291200122.3
404.0 , 204.0 , 42.1544761658 , 1 , 1291200122.51
404.0 , 202.0 , 40.6078796387 , 1 , 1291200122.72
408.0 , 206.0 , 41.0121917725 , 1 , 1291200122.94
408.0 , 204.0 , 39.0512466431 , 1 , 1291200123.15
402.0 , 208.0 , 46.8614997864 , 1 , 1291200123.41
402.0 , 208.0 , 46.0977210999 , 1 , 1291200123.62
408.0 , 204.0 , 39.0512466431 , 1 , 1291200123.84
408.0 , 202.0 , 41.1825218201 , 1 , 1291200124.05
418.0 , 190.0 , 28.6006984711 , 1 , 1291200124.31
408.0 , 202.0 , 40.4474983215 , 1 , 1291200124.52
416.0 , 192.0 , 30.8058433533 , 1 , 1291200124.73
404.0 , 210.0 , 47.4236221313 , 1 , 1291200124.95
404.0 , 202.0 , 40.3112869263 , 1 , 1291200125.21
412.0 , 202.0 , 35.468296051 , 1 , 1291200125.42
404.0 , 202.0 , 40.3112869263 , 1 , 1291200125.63
402.0 , 206.0 , 43.1740646362 , 1 , 1291200125.85
404.0 , 210.0 , 47.4341659546 , 1 , 1291200126.06
404.0 , 220.0 , 54.7448616028 , 1 , 1291200126.27
404.0 , 208.0 , 46.270942688 , 1 , 1291200126.59
404.0 , 218.0 , 53.0377235413 , 1 , 1291200126.8
404.0 , 210.0 , 47.7598152161 , 1 , 1291200127.01
404.0 , 202.0 , 40.3112869263 , 1 , 1291200127.22
406.0 , 204.0 , 43.0464859009 , 1 , 1291200127.43
416.0 , 192.0 , 30.8058433533 , 1 , 1291200127.64
404.0 , 210.0 , 48.0104141235 , 1 , 1291200127.86
416.0 , 192.0 , 30.8868904114 , 1 , 1291200128.07
408.0 , 206.0 , 41.0487518311 , 1 , 1291200128.28
402.0 , 206.0 , 43.5660400391 , 1 , 1291200128.65
404.0 , 214.0 , 49.1629943848 , 1 , 1291200128.91
412.0 , 198.0 , 36.3455619812 , 1 , 1291200129.12
414.0 , 198.0 , 37.0135116577 , 1 , 1291200129.33
408.0 , 204.0 , 39.0512466431 , 1 , 1291200129.65
406.0 , 208.0 , 46.5295600891 , 1 , 1291200129.87
410.0 , 202.0 , 37.9473304749 , 1 , 1291200130.08
404.0 , 214.0 , 49.648765564 , 1 , 1291200130.29
404.0 , 204.0 , 42.2018966675 , 1 , 1291200130.5
406.0 , 204.0 , 43.0464859009 , 1 , 1291200130.71
408.0 , 208.0 , 42.755115509 , 1 , 1291200130.92
404.0 , 214.0 , 49.4064788818 , 1 , 1291200131.14
406.0 , 210.0 , 44.9221534729 , 1 , 1291200131.5
404.0 , 218.0 , 53.1507301331 , 1 , 1291200131.72
404.0 , 206.0 , 44.3846817017 , 1 , 1291200131.98
412.0 , 200.0 , 41.7731971741 , 1 , 1291200132.19
404.0 , 216.0 , 51.429561615 , 1 , 1291200132.4
404.0 , 206.0 , 44.1021537781 , 1 , 1291200132.61
404.0 , 208.0 , 46.1410865784 , 1 , 1291200132.82
414.0 , 200.0 , 39.2173423767 , 1 , 1291200133.04
402.0 , 204.0 , 41.5932693481 , 1 , 1291200133.25
408.0 , 206.0 , 41.0 , 1 , 1291200133.46
404.0 , 200.0 , 38.8329772949 , 1 , 1291200133.67
412.0 , 196.0 , 34.1760139465 , 1 , 1291200133.88
404.0 , 206.0 , 44.0454292297 , 1 , 1291200134.1
404.0 , 210.0 , 47.7598152161 , 1 , 1291200134.31
404.0 , 210.0 , 48.0104141235 , 1 , 1291200134.52
406.0 , 206.0 , 44.9110221863 , 1 , 1291200134.74
408.0 , 200.0 , 35.1283378601 , 1 , 1291200134.95
404.0 , 210.0 , 48.270072937 , 1 , 1291200135.17
404.0 , 208.0 , 46.1735839844 , 1 , 1291200135.38
412.0 , 200.0 , 33.9558525085 , 1 , 1291200135.64
404.0 , 210.0 , 47.8539428711 , 1 , 1291200135.9
394.0 , 224.0 , 64.3506011963 , 1 , 1291200136.32
406.0 , 206.0 , 44.7213592529 , 1 , 1291200136.54
412.0 , 198.0 , 36.3455619812 , 1 , 1291200136.75
418.0 , 190.0 , 28.4253406525 , 1 , 1291200136.96
418.0 , 188.0 , 27.1661548615 , 1 , 1291200137.27
404.0 , 206.0 , 44.1814422607 , 1 , 1291200137.48
404.0 , 204.0 , 42.4499702454 , 1 , 1291200137.7
402.0 , 204.0 , 42.0119018555 , 1 , 1291200137.91
408.0 , 196.0 , 35.1710090637 , 1 , 1291200138.12
404.0 , 212.0 , 48.8773994446 , 1 , 1291200138.43
404.0 , 212.0 , 48.6004104614 , 1 , 1291200138.7
404.0 , 208.0 , 46.0977210999 , 1 , 1291200138.91
404.0 , 202.0 , 40.6078796387 , 1 , 1291200139.12
406.0 , 208.0 , 43.0464859009 , 1 , 1291200139.33
404.0 , 214.0 , 49.7393188477 , 1 , 1291200139.54
412.0 , 198.0 , 40.3112869263 , 1 , 1291200139.81
404.0 , 208.0 , 46.4004325867 , 1 , 1291200140.03
404.0 , 202.0 , 40.1123428345 , 1 , 1291200140.29
404.0 , 196.0 , 34.525352478 , 1 , 1291200140.5
406.0 , 210.0 , 45.6070175171 , 1 , 1291200140.71
404.0 , 200.0 , 38.8973007202 , 1 , 1291200140.93
418.0 , 190.0 , 28.4429244995 , 1 , 1291200141.14
412.0 , 196.0 , 34.1320953369 , 1 , 1291200141.35
408.0 , 196.0 , 35.2278289795 , 1 , 1291200141.56
406.0 , 212.0 , 47.265209198 , 1 , 1291200141.77
408.0 , 204.0 , 42.941822052 , 1 , 1291200141.98
410.0 , 202.0 , 40.3112869263 , 1 , 1291200142.25
408.0 , 208.0 , 43.0 , 1 , 1291200142.46
404.0 , 202.0 , 40.3112869263 , 1 , 1291200142.72
414.0 , 196.0 , 29.6816444397 , 1 , 1291200142.94
408.0 , 210.0 , 44.6878051758 , 1 , 1291200143.15
414.0 , 196.0 , 29.1547603607 , 1 , 1291200143.46
406.0 , 206.0 , 44.9221534729 , 1 , 1291200143.67
408.0 , 204.0 , 39.0512466431 , 1 , 1291200143.89
412.0 , 200.0 , 33.9558525085 , 1 , 1291200144.1
418.0 , 188.0 , 26.4196891785 , 1 , 1291200144.31
404.0 , 214.0 , 49.6789703369 , 1 , 1291200144.52
406.0 , 200.0 , 39.2937660217 , 1 , 1291200144.73
410.0 , 202.0 , 36.2353401184 , 1 , 1291200144.95
414.0 , 196.0 , 35.3553390503 , 1 , 1291200145.21
406.0 , 204.0 , 39.0512466431 , 1 , 1291200145.42
416.0 , 192.0 , 30.8058433533 , 1 , 1291200145.63
412.0 , 198.0 , 36.1247825623 , 1 , 1291200145.85
404.0 , 216.0 , 51.0881576538 , 1 , 1291200146.11
404.0 , 214.0 , 49.6588363647 , 1 , 1291200146.32
406.0 , 206.0 , 44.7213592529 , 1 , 1291200146.54
408.0 , 204.0 , 42.755115509 , 1 , 1291200146.75
404.0 , 208.0 , 46.0108680725 , 1 , 1291200147.01
402.0 , 224.0 , 59.0338897705 , 1 , 1291200147.22
406.0 , 206.0 , 41.1096076965 , 1 , 1291200147.43
416.0 , 192.0 , 30.8058433533 , 1 , 1291200147.65
406.0 , 206.0 , 41.0121917725 , 1 , 1291200147.91
404.0 , 210.0 , 47.7074432373 , 1 , 1291200148.17
410.0 , 206.0 , 46.3249397278 , 1 , 1291200148.44
412.0 , 202.0 , 41.7851638794 , 1 , 1291200148.65
412.0 , 206.0 , 44.5533370972 , 1 , 1291200148.86
404.0 , 208.0 , 46.0434570312 , 1 , 1291200149.07
408.0 , 206.0 , 41.036567688 , 1 , 1291200149.28
418.0 , 190.0 , 28.6006984711 , 1 , 1291200149.55
404.0 , 218.0 , 53.0094337463 , 1 , 1291200149.76
402.0 , 206.0 , 43.908996582 , 1 , 1291200149.97
406.0 , 204.0 , 39.0512466431 , 1 , 1291200150.18
412.0 , 200.0 , 33.9411239624 , 1 , 1291200150.39
404.0 , 216.0 , 51.429561615 , 1 , 1291200150.6
402.0 , 212.0 , 49.6789703369 , 1 , 1291200150.82
406.0 , 206.0 , 41.1096076965 , 1 , 1291200151.03
404.0 , 208.0 , 46.0434570312 , 1 , 1291200151.24
404.0 , 202.0 , 40.3608703613 , 1 , 1291200151.45
412.0 , 204.0 , 43.4165878296 , 1 , 1291200151.66
404.0 , 214.0 , 49.7292671204 , 1 , 1291200151.93
402.0 , 212.0 , 49.4064788818 , 1 , 1291200152.14
408.0 , 206.0 , 41.0487518311 , 1 , 1291200152.35
404.0 , 210.0 , 48.0104141235 , 1 , 1291200152.56
404.0 , 204.0 , 42.4264068604 , 1 , 1291200152.77
406.0 , 206.0 , 44.3846817017 , 1 , 1291200152.99
406.0 , 206.0 , 44.7772254944 , 1 , 1291200153.2
406.0 , 206.0 , 44.7772254944 , 1 , 1291200153.41
404.0 , 214.0 , 49.0407981873 , 1 , 1291200153.62
404.0 , 210.0 , 48.0416488647 , 1 , 1291200153.83
416.0 , 192.0 , 30.8058433533 , 1 , 1291200154.05
404.0 , 206.0 , 44.2718887329 , 1 , 1291200154.31
404.0 , 216.0 , 50.9116897583 , 1 , 1291200154.57
404.0 , 206.0 , 44.2831802368 , 1 , 1291200154.78
406.0 , 210.0 , 45.0111083984 , 1 , 1291200155.0
404.0 , 214.0 , 49.4974746704 , 1 , 1291200155.21
408.0 , 204.0 , 39.0 , 1 , 1291200155.42
404.0 , 204.0 , 42.107006073 , 1 , 1291200155.63
404.0 , 196.0 , 31.0161247253 , 1 , 1291200155.84
406.0 , 208.0 , 47.0744094849 , 1 , 1291200156.06
410.0 , 202.0 , 40.3112869263 , 1 , 1291200156.28
408.0 , 198.0 , 37.0 , 1 , 1291200156.49
400.0 , 192.0 , 30.0166625977 , 1 , 1291200156.7
406.0 , 206.0 , 44.6542282104 , 1 , 1291200156.92
412.0 , 212.0 , 49.6588363647 , 1 , 1291200157.13
410.0 , 210.0 , 43.4165878296 , 1 , 1291200157.39
414.0 , 198.0 , 37.2021522522 , 1 , 1291200157.6
414.0 , 202.0 , 40.7062644958 , 1 , 1291200157.82
412.0 , 200.0 , 41.6773338318 , 1 , 1291200158.03
418.0 , 194.0 , 32.0624389648 , 1 , 1291200158.35
404.0 , 212.0 , 48.5489425659 , 1 , 1291200158.56
404.0 , 206.0 , 44.0454292297 , 1 , 1291200158.77
404.0 , 216.0 , 51.9711456299 , 1 , 1291200159.04
404.0 , 208.0 , 46.0651702881 , 1 , 1291200159.25
408.0 , 206.0 , 41.0487518311 , 1 , 1291200159.52
404.0 , 194.0 , 29.1204395294 , 1 , 1291200159.73
412.0 , 200.0 , 41.6173057556 , 1 , 1291200159.94
418.0 , 188.0 , 26.4196891785 , 1 , 1291200160.15
414.0 , 212.0 , 49.6588363647 , 1 , 1291200160.37
406.0 , 206.0 , 44.7772254944 , 1 , 1291200160.63
412.0 , 200.0 , 38.0788650513 , 1 , 1291200160.85
404.0 , 196.0 , 34.6698722839 , 1 , 1291200161.06
412.0 , 198.0 , 40.4474983215 , 1 , 1291200161.27
404.0 , 210.0 , 48.0104141235 , 1 , 1291200161.48
412.0 , 200.0 , 33.9411239624 , 1 , 1291200161.7
418.0 , 190.0 , 28.6006984711 , 1 , 1291200161.96
416.0 , 192.0 , 30.8058433533 , 1 , 1291200162.17
404.0 , 210.0 , 48.0520553589 , 1 , 1291200162.39
404.0 , 216.0 , 51.4781494141 , 1 , 1291200162.6
404.0 , 216.0 , 51.4781494141 , 1 , 1291200162.81
412.0 , 198.0 , 36.2215423584 , 1 , 1291200163.03
400.0 , 216.0 , 53.413482666 , 1 , 1291200163.24
412.0 , 196.0 , 34.3656806946 , 1 , 1291200163.45
262.0 , 298.0 , 92.021736145 , 4 , 1291200163.68
408.0 , 202.0 , 40.8166618347 , 1 , 1291200163.9
404.0 , 210.0 , 48.0832595825 , 1 , 1291200164.11
406.0 , 204.0 , 43.0813179016 , 1 , 1291200164.32
408.0 , 206.0 , 41.0121917725 , 1 , 1291200164.54
404.0 , 214.0 , 49.7292671204 , 1 , 1291200164.75
404.0 , 208.0 , 46.0434570312 , 1 , 1291200165.01
406.0 , 204.0 , 43.0464859009 , 1 , 1291200165.23
414.0 , 202.0 , 40.718547821 , 1 , 1291200165.44
404.0 , 204.0 , 42.2965736389 , 1 , 1291200165.65
410.0 , 208.0 , 47.927028656 , 1 , 1291200165.97
404.0 , 200.0 , 38.587562561 , 1 , 1291200166.18
404.0 , 208.0 , 46.0977210999 , 1 , 1291200166.39
404.0 , 204.0 , 42.4499702454 , 1 , 1291200166.66
402.0 , 206.0 , 43.5660400391 , 1 , 1291200166.87
410.0 , 202.0 , 36.2353401184 , 1 , 1291200167.09
402.0 , 214.0 , 51.4781494141 , 1 , 1291200167.3
404.0 , 214.0 , 49.0917510986 , 1 , 1291200167.57
404.0 , 216.0 , 50.9607696533 , 1 , 1291200167.78
406.0 , 210.0 , 44.8218688965 , 1 , 1291200167.99
404.0 , 210.0 , 48.0832595825 , 1 , 1291200168.2
412.0 , 200.0 , 38.2753181458 , 1 , 1291200168.42
408.0 , 204.0 , 39.0128173828 , 1 , 1291200168.63
412.0 , 204.0 , 43.2781715393 , 1 , 1291200168.84
414.0 , 196.0 , 37.4432907104 , 1 , 1291200169.11
404.0 , 212.0 , 48.4148750305 , 1 , 1291200169.48
412.0 , 206.0 , 45.1220550537 , 1 , 1291200169.74
414.0 , 202.0 , 40.6078796387 , 1 , 1291200170.16
404.0 , 216.0 , 51.429561615 , 1 , 1291200170.43
408.0 , 208.0 , 43.0116271973 , 1 , 1291200170.65
398.0 , 220.0 , 58.2494621277 , 1 , 1291200170.86
406.0 , 206.0 , 41.1096076965 , 1 , 1291200171.07
410.0 , 206.0 , 46.1410865784 , 1 , 1291200171.34
404.0 , 214.0 , 49.6588363647 , 1 , 1291200171.55
408.0 , 206.0 , 41.0 , 1 , 1291200171.76
412.0 , 196.0 , 34.2344856262 , 1 , 1291200172.03
404.0 , 208.0 , 46.0651702881 , 1 , 1291200172.24
412.0 , 202.0 , 35.6089859009 , 1 , 1291200172.45
404.0 , 216.0 , 51.1957015991 , 1 , 1291200172.72
412.0 , 200.0 , 41.5932693481 , 1 , 1291200172.93
404.0 , 218.0 , 52.7730979919 , 1 , 1291200173.14
406.0 , 204.0 , 43.0116271973 , 1 , 1291200173.36
404.0 , 210.0 , 48.0520553589 , 1 , 1291200173.57
402.0 , 206.0 , 43.2666168213 , 1 , 1291200173.78
404.0 , 208.0 , 46.0977210999 , 1 , 1291200174.05
412.0 , 206.0 , 39.0 , 1 , 1291200174.31
410.0 , 202.0 , 36.4005508423 , 1 , 1291200174.52
414.0 , 194.0 , 33.6005935669 , 1 , 1291200174.74
412.0 , 198.0 , 36.3455619812 , 1 , 1291200175.0
418.0 , 188.0 , 26.4196891785 , 1 , 1291200175.22
408.0 , 210.0 , 44.5982055664 , 1 , 1291200175.51
404.0 , 212.0 , 49.5176734924 , 1 , 1291200175.72
416.0 , 192.0 , 30.8058433533 , 1 , 1291200175.99
404.0 , 212.0 , 49.2036590576 , 1 , 1291200176.25
404.0 , 208.0 , 46.5295600891 , 1 , 1291200176.47
406.0 , 206.0 , 44.7213592529 , 1 , 1291200176.68
412.0 , 202.0 , 42.0594825745 , 1 , 1291200176.95
404.0 , 208.0 , 46.0108680725 , 1 , 1291200177.16
412.0 , 210.0 , 48.2597122192 , 1 , 1291200177.37
406.0 , 212.0 , 47.0 , 1 , 1291200177.64
406.0 , 208.0 , 46.5188140869 , 1 , 1291200177.85
412.0 , 200.0 , 33.7342567444 , 1 , 1291200178.07
404.0 , 210.0 , 48.0832595825 , 1 , 1291200178.28
404.0 , 212.0 , 49.648765564 , 1 , 1291200178.5
408.0 , 198.0 , 37.215587616 , 1 , 1291200178.71
404.0 , 192.0 , 30.8706989288 , 1 , 1291200178.97
404.0 , 210.0 , 48.0416488647 , 1 , 1291200179.19
412.0 , 200.0 , 41.6293182373 , 1 , 1291200179.61
412.0 , 196.0 , 34.4093017578 , 1 , 1291200179.83
412.0 , 196.0 , 34.1760139465 , 1 , 1291200180.09
412.0 , 198.0 , 36.2215423584 , 1 , 1291200180.31
404.0 , 208.0 , 46.4004325867 , 1 , 1291200180.52
406.0 , 204.0 , 43.0464859009 , 1 , 1291200180.82
404.0 , 210.0 , 48.0416488647 , 1 , 1291200181.04
402.0 , 208.0 , 45.6070175171 , 1 , 1291200181.25
404.0 , 214.0 , 50.7740097046 , 1 , 1291200181.47
404.0 , 196.0 , 34.8281478882 , 1 , 1291200181.78
404.0 , 212.0 , 47.2969360352 , 1 , 1291200181.99
402.0 , 208.0 , 45.8039283752 , 1 , 1291200182.25
404.0 , 202.0 , 40.3112869263 , 1 , 1291200182.57
402.0 , 206.0 , 44.0113639832 , 1 , 1291200182.84
410.0 , 202.0 , 42.4852905273 , 1 , 1291200183.05
404.0 , 216.0 , 51.4781494141 , 1 , 1291200183.26
412.0 , 200.0 , 41.6773338318 , 1 , 1291200183.48
414.0 , 196.0 , 29.2061634064 , 1 , 1291200183.74
394.0 , 226.0 , 64.6297149658 , 1 , 1291200183.96
406.0 , 208.0 , 43.0116271973 , 1 , 1291200184.17
406.0 , 206.0 , 44.6542282104 , 1 , 1291200184.39
406.0 , 206.0 , 44.7772254944 , 1 , 1291200184.6
414.0 , 196.0 , 37.5898933411 , 1 , 1291200184.82
410.0 , 202.0 , 36.3455619812 , 1 , 1291200185.14
404.0 , 216.0 , 51.429561615 , 1 , 1291200185.35
402.0 , 212.0 , 47.927028656 , 1 , 1291200185.56
420.0 , 190.0 , 27.4590606689 , 1 , 1291200185.84
404.0 , 210.0 , 47.634021759 , 1 , 1291200186.06
404.0 , 216.0 , 51.400390625 , 1 , 1291200186.32
404.0 , 212.0 , 48.8364601135 , 1 , 1291200186.54
404.0 , 212.0 , 49.3963546753 , 1 , 1291200186.75
412.0 , 200.0 , 38.0525970459 , 1 , 1291200187.01
406.0 , 204.0 , 39.0512466431 , 1 , 1291200187.23
416.0 , 192.0 , 30.8058433533 , 1 , 1291200187.44
408.0 , 202.0 , 37.1079521179 , 1 , 1291200187.65
404.0 , 214.0 , 49.6789703369 , 1 , 1291200187.87
412.0 , 198.0 , 36.2215423584 , 1 , 1291200188.08
406.0 , 206.0 , 41.0487518311 , 1 , 1291200188.29
414.0 , 198.0 , 37.6430587769 , 1 , 1291200188.5
402.0 , 218.0 , 53.8237876892 , 1 , 1291200188.72
410.0 , 206.0 , 46.0651702881 , 1 , 1291200188.93
404.0 , 214.0 , 49.6789703369 , 1 , 1291200189.14
404.0 , 210.0 , 47.634021759 , 1 , 1291200189.35
406.0 , 206.0 , 44.9221534729 , 1 , 1291200189.57
416.0 , 192.0 , 31.3209190369 , 1 , 1291200189.83
402.0 , 212.0 , 48.0832595825 , 1 , 1291200190.04
406.0 , 210.0 , 45.0998878479 , 1 , 1291200190.25
416.0 , 190.0 , 29.1547603607 , 1 , 1291200190.47
408.0 , 204.0 , 39.0512466431 , 1 , 1291200190.73
404.0 , 216.0 , 51.6139526367 , 1 , 1291200190.94
402.0 , 208.0 , 46.0108680725 , 1 , 1291200191.16
404.0 , 212.0 , 49.3355865479 , 1 , 1291200191.41
406.0 , 208.0 , 43.0116271973 , 1 , 1291200191.63
412.0 , 204.0 , 37.4833297729 , 1 , 1291200191.84
404.0 , 202.0 , 40.1621704102 , 1 , 1291200192.05
416.0 , 192.0 , 31.1448230743 , 1 , 1291200192.26
406.0 , 206.0 , 44.7213592529 , 1 , 1291200192.57
406.0 , 204.0 , 43.0813179016 , 1 , 1291200192.79
408.0 , 198.0 , 33.2415390015 , 1 , 1291200193.0
408.0 , 210.0 , 44.6542282104 , 1 , 1291200193.21
402.0 , 218.0 , 53.8144950867 , 1 , 1291200193.42
404.0 , 216.0 , 51.6139526367 , 1 , 1291200193.63
414.0 , 198.0 , 36.7695541382 , 1 , 1291200193.85
418.0 , 188.0 , 26.9258232117 , 1 , 1291200194.06
404.0 , 218.0 , 53.0754165649 , 1 , 1291200194.27
412.0 , 202.0 , 41.7731971741 , 1 , 1291200194.48
402.0 , 214.0 , 51.0881576538 , 1 , 1291200194.69
416.0 , 192.0 , 31.3209190369 , 1 , 1291200194.91
406.0 , 206.0 , 41.1096076965 , 1 , 1291200195.33
